mms_id,dlxs_id,alma_value,dlxs_value
990012612720106381,AFJ6704.0001.001,"New York, :","Boston,"
990012612980106381,AFJ6731.0001.001,"Honolulu,",
990012613180106381,AFJ6751.0001.001,"[Honolulu,",
990012613340106381,AFJ6767.0001.001,"New York,",Hartford [Conn.]
990012613470106381,AFJ6780.0001.001,New York [etc.],"Boston,"
990012613480106381,AFJ6781.0001.001,"Chicago,","Boston,"
990012613520106381,AFJ6785.0001.001,"[Honolulu,",
990012613730106381,AFJ6806.0001.001,[Honolulu?,
990012672840106381,AFK2832.0001.001,Rizal],"[San Juan,"
990012673040106381,AFK2852.0001.001,New York [etc.],"Chicago,"
990012673050106381,AFK2853.0001.001,New York [etc.],"Chicago,"
990012754350106381,AFL1194.0001.001,"Honolulu,",
990012754350106381,AFL1194.0001.003,"Honolulu,",
990012754350106381,AFL1194.0001.004,"Honolulu,",
990012764470106381,AFL2225.0001.001,"[Avila,",Madrid
990012771490106381,AFL2935.0001.001,"London,",New York
990029028760106381,AQH5587.0001.001,Iloilo :,Iloilo ;
990029060960106381,AQH8826.0001.001,Manila :,Manila ;
990029093490106381,AQJ2111.0001.001,Manila :,Manila ;
990029095380106381,AQJ2300.0001.001,[Iloilo City :,
990029108050106381,AQJ3601.0001.001,"Manila, Tip. Pont. de la Univ. de Santo Tomás,",
990033317260106381,ASH9043.0001.001,"[Washington, D.C. :",[s.l. :
990033430330106381,ASK0432.0001.001,"Manila,",
990033435850106381,ASK0990.0001.001,"[New York,",
990033435900106381,ASK0995.0001.001,"Washington,",
990033435910106381,ASK0996.0001.001,"[n.p.,",
990033435970106381,ASK1002.0001.001,"Madrid,",
990033436140106381,ASK1019.0001.001,"[Boston,",
990033436150106381,ASK1020.0001.001,"[New York?,",
990033436180106381,ASK1023.0001.001,"[n.p.,",
990033436190106381,ASK1024.0001.001,"Manila,",
990033436200106381,ASK1025.0001.001,"[n.p.,",
990033436210106381,ASK1026.0001.001,"[n.p.,",
990033436220106381,ASK1027.0001.001,"[Manila,",
990033436230106381,ASK1028.0001.001,"[Manila,",
990033438800106381,ASK1287.0001.001,"[Manila,",
990035734370106381,ATL4103.0001.001,"[Honolulu,",
990011005840106381,AES2312.0001.001,"Manila,",
990011005970106381,AES2326.0001.001,New York [etc.] :,"Boston,"
990011227370106381,AEU5363.0001.001,"Washington, D.C.,",
990011494100106381,AEX3169.0001.001,"Manila,",
990011494160106381,AEX3175.0001.001,"Iowa City, Iowa,",
990011581880106381,AEY2206.0001.001,"London,","New York,"
990011586420106381,AEY2669.0001.001,[Manila?,
990012902630106381,AFM6967.1911.001,Barcelona :,
990012902630106381,AFM6967.1911.002,Barcelona :,
990012902630106381,AFM6967.1912.001,Barcelona :,
990012902630106381,AFM6967.1912.002,Barcelona :,
990012902630106381,AFM6967.1913.002,Barcelona :,
990012902630106381,AFM6967.1914.001,Barcelona :,
990012902630106381,AFM6967.1914.002,Barcelona :,
990012902630106381,AFM6967.1915.001,Barcelona :,
990012902630106381,AFM6967.1916.001,Barcelona :,
990012902630106381,AFM6967.1917.001,Barcelona :,
990012902630106381,AFM6967.1918.001,Barcelona :,
990012902630106381,AFM6967.1919.001,Barcelona :,
990013194990106381,AFQ6770.0001.001,New York [etc.],"Boston,"
990013195030106381,AFQ6774.0001.001,"New York,",
990013424280106381,AFT0176.0001.001,"[Honolulu?,",
990013462800106381,AFT4228.0001.001,"Manila,",
990013597960106381,AFU8696.0001.001,"Washington,","Manila,"
990014139120106381,AGA4143.0001.001,New York :,London ;
990014140870106381,AGA4319.0001.001,Boston [etc.],"Philadelphia,"
990014142810106381,AGA4513.0001.001,"Honolulu,",
990014142870106381,AGA4519.0001.001,Chicago [etc.],"New York,"
990014472730106381,AGD8622.0001.001,"Boston,",
990014473620106381,AGD8713.0001.001,"[n. p.,",
990029704390106381,AQQ3588.0010.010,Manila :,
990029704390106381,AQQ3588.0010.012,Manila :,
990029704390106381,AQQ3588.0010.004,Manila :,
990029704390106381,AQQ3588.0010.006,Manila :,
990029704390106381,AQQ3588.0011.007,Manila :,
990029704390106381,AQQ3588.0009.010,Manila :,
990029720790106381,AQQ5239.0001.001,[Iloilo City :,
990030018450106381,AQW1509.0006.011,Zamboanga [Philippines] :,
990030046960106381,AQW4382.0001.044,"[Manila, Philippines :",
990030046960106381,AQW4382.0001.045,"[Manila, Philippines :",
990030046960106381,AQW4382.0001.046,"[Manila, Philippines :",
990030046960106381,AQW4382.0001.047,"[Manila, Philippines :",
990030046960106381,AQW4382.0001.048,"[Manila, Philippines :",
990030046960106381,AQW4382.0001.049,"[Manila, Philippines :",
990030046960106381,AQW4382.0001.050,"[Manila, Philippines :",
990030046960106381,AQW4382.0001.051,"[Manila, Philippines :",
990030046960106381,AQW4382.0002.052,"[Manila, Philippines :",
990030046960106381,AQW4382.0002.053,"[Manila, Philippines :",
990030046960106381,AQW4382.0002.054,"[Manila, Philippines :",
990030046960106381,AQW4382.0002.055,"[Manila, Philippines :",
990030046960106381,AQW4382.0002.056,"[Manila, Philippines :",
990030046960106381,AQW4382.0002.057,"[Manila, Philippines :",
990030046960106381,AQW4382.0002.058,"[Manila, Philippines :",
990030046960106381,AQW4382.0002.059,"[Manila, Philippines :",
990030046960106381,AQW4382.0002.060,"[Manila, Philippines :",
990030046960106381,AQW4382.0002.061,"[Manila, Philippines :",
990030046960106381,AQW4382.0002.062,"[Manila, Philippines :",
990030046960106381,AQW4382.0002.063,"[Manila, Philippines :",
990030046960106381,AQW4382.0002.065,"[Manila, Philippines :",
990030046960106381,AQW4382.0002.066,"[Manila, Philippines :",
990030046960106381,AQW4382.0002.067,"[Manila, Philippines :",
990030046960106381,AQW4382.0002.068,"[Manila, Philippines :",
990030046960106381,AQW4382.0002.069,"[Manila, Philippines :",
990030046960106381,AQW4382.0002.070,"[Manila, Philippines :",
990030046960106381,AQW4382.0002.073,"[Manila, Philippines :",
990030046960106381,AQW4382.0002.074,"[Manila, Philippines :",
990030046960106381,AQW4382.0002.075,"[Manila, Philippines :",
990030046960106381,AQW4382.0002.077,"[Manila, Philippines :",
990030046960106381,AQW4382.0002.078,"[Manila, Philippines :",
990030046960106381,AQW4382.0002.079,"[Manila, Philippines :",
990030046960106381,AQW4382.0002.080,"[Manila, Philippines :",
990030046960106381,AQW4382.0002.081,"[Manila, Philippines :",
990030046960106381,AQW4382.0002.083,"[Manila, Philippines :",
990030046960106381,AQW4382.0002.084,"[Manila, Philippines :",
990030046960106381,AQW4382.0002.086,"[Manila, Philippines :",
990030046960106381,AQW4382.0002.087,"[Manila, Philippines :",
990030046960106381,AQW4382.0002.088,"[Manila, Philippines :",
990030046960106381,AQW4382.0002.090,"[Manila, Philippines :",
990030046960106381,AQW4382.0002.091,"[Manila, Philippines :",
990030046960106381,AQW4382.0002.092,"[Manila, Philippines :",
990030046960106381,AQW4382.0002.093,"[Manila, Philippines :",
990030126700106381,AQX2406.0001.001,Manila :,
990030126700106381,AQX2406.0001.005,Manila :,
990030126700106381,AQX2406.0001.007,Manila :,
990030126700106381,AQX2406.0001.009,Manila :,
990030126700106381,AQX2406.0002.008,Manila :,
990030126760106381,AQX2412.0001.001,[Manila :,
990030126760106381,AQX2412.0001.002,[Manila :,
990030141080106381,AQX3851.0001.313,Manila :,
990030158150106381,AQX5568.0001.001,Manila :,
990030158150106381,AQX5568.0001.012,Manila :,
990030158150106381,AQX5568.0001.002,Manila :,
990030158150106381,AQX5568.0001.006,Manila :,
990030158150106381,AQX5568.0001.007,Manila :,
990030158150106381,AQX5568.0001.009,Manila :,
990030171220106381,AQX6885.0001.002,Manila :,
990030171220106381,AQX6885.0001.006,Manila :,
990030171220106381,AQX6885.0007.002,Manila :,
990030171340106381,AQX6897.0001.001,Maynila :,
990030171340106381,AQX6897.0002.008,Maynila :,
990030171340106381,AQX6897.0003.001,Maynila :,
990030171350106381,AQX6898.0001.002,[Manila] :,
990030171350106381,AQX6898.0001.004,[Manila] :,
990030202560106381,AQY0046.0001.001,New York :,
990030202560106381,AQY0046.0001.011,New York :,
990030202560106381,AQY0046.0001.012,New York :,
990030202560106381,AQY0046.0001.013,New York :,
990030202560106381,AQY0046.0001.014,New York :,
990030202560106381,AQY0046.0001.015,New York :,
990030202560106381,AQY0046.0001.016,New York :,
990030202560106381,AQY0046.0001.017,New York :,
990030202560106381,AQY0046.0001.018,New York :,
990030202560106381,AQY0046.0001.019,New York :,
990030202560106381,AQY0046.0001.002,New York :,
990030202560106381,AQY0046.0001.020,New York :,
990030202560106381,AQY0046.0001.021,New York :,
990030202560106381,AQY0046.0001.022,New York :,
990030202560106381,AQY0046.0001.023,New York :,
990030202560106381,AQY0046.0001.024,New York :,
990030202560106381,AQY0046.0001.025,New York :,
990030202560106381,AQY0046.0001.027,New York :,
990030202560106381,AQY0046.0001.028,New York :,
990030202560106381,AQY0046.0001.029,New York :,
990030202560106381,AQY0046.0001.003,New York :,
990030202560106381,AQY0046.0001.030,New York :,
990030202560106381,AQY0046.0001.031,New York :,
990030202560106381,AQY0046.0001.032,New York :,
990030202560106381,AQY0046.0001.004,New York :,
990030202560106381,AQY0046.0001.005,New York :,
990030202560106381,AQY0046.0001.006,New York :,
990030202560106381,AQY0046.0001.007,New York :,
990030202560106381,AQY0046.0001.008,New York :,
990030202560106381,AQY0046.0001.009,New York :,
990030202560106381,AQY0046.0001.026,New York :,
990031134350106381,ARH3937.0002.013,"Maynila, K.P. :",
990031134350106381,ARH3937.0002.015,"Maynila, K.P. :",
990031134350106381,ARH3937.0002.016,"Maynila, K.P. :",
990031134350106381,ARH3937.0002.017,"Maynila, K.P. :",
990031134350106381,ARH3937.0002.018,"Maynila, K.P. :",
990031134350106381,ARH3937.0002.019,"Maynila, K.P. :",
990031134350106381,ARH3937.0002.020,"Maynila, K.P. :",
990031134350106381,ARH3937.0003.021,"Maynila, K.P. :",
990031134350106381,ARH3937.0003.022,"Maynila, K.P. :",
990031134350106381,ARH3937.0003.023,"Maynila, K.P. :",
990031134350106381,ARH3937.0003.024,"Maynila, K.P. :",
990031134350106381,ARH3937.0004.037,"Maynila, K.P. :",
990031134350106381,ARH3937.0004.038,"Maynila, K.P. :",
990031134350106381,ARH3937.0004.039,"Maynila, K.P. :",
990031134350106381,ARH3937.0004.040,"Maynila, K.P. :",
990031134350106381,ARH3937.0004.041,"Maynila, K.P. :",
990031134350106381,ARH3937.0004.042,"Maynila, K.P. :",
990031134350106381,ARH3937.0004.043,"Maynila, K.P. :",
990031134350106381,ARH3937.0004.044,"Maynila, K.P. :",
990031134350106381,ARH3937.0005.045,"Maynila, K.P. :",
990031134350106381,ARH3937.0005.046,"Maynila, K.P. :",
990031134350106381,ARH3937.0005.047,"Maynila, K.P. :",
990031134350106381,ARH3937.0005.048,"Maynila, K.P. :",
990031995530106381,ARS2493.0001.001,London :,New York :
990031995560106381,ARS2496.0001.001,New York [etc.] :,"Boston,"
990033126450106381,ASF9826.0001.001,"[Manila,",
990002744720106381,ABE0788.0001.001,"New York,","Chicago,"
990002780410106381,ABE4397.0001.001,Cincinnati [etc.] :,"New York,"
990002781640106381,ABE4521.0001.001,[n.p.],
990002785210106381,ABE4884.0001.001,"Washington,",
990002789770106381,ABE5347.0001.001,"Havana,",
990002792010106381,ABE5576.0001.001,"New York, [etc.] :","Boston,"
990002794560106381,ABE5832.0001.001,"London,","New York,"
990002797840106381,ABE6161.0001.001,"[n.p.,",
990002806900106381,ABE7074.0001.001,"Fundicion y Liberia de don Eusebio Aguado,",
990002824370106381,ABE8833.0001.001,"San Francisco, Cal.,",
990002864090106381,ABF2839.0001.001,New York [etc.],"Boston,"
990003151000106381,ABJ2220.0001.001,"New York, :","London,"
990003169100106381,ABJ4050.0001.001,"London, :","New York,"
990003209000106381,ABJ8105.0001.001,New York [etc.] :,"London,"
990003210990106381,ABJ8305.0001.001,"New York,","Cincinnati,"
990003211650106381,ABJ8372.0001.001,"New York,","Cincinnati,"
990003213660106381,ABJ8574.0001.001,"London,","New York,"
990003282970106381,ABK5560.0001.001,"London, :","New York,"
990003331430106381,ABL0480.0001.001,"New York,","London,"
990003336240106381,ABL0964.0001.001,London :,"New York,"
990029130880106381,AQJ5907.0001.001,"32 p.,",
990029130910106381,AQJ5910.0001.001,Manila :,
990029333370106381,AQL6285.0001.001,[Iloilo :,[Iloilo ;
990005204060106381,ACF0685.0002.001,Honolulu :,
990005204060106381,ACF0685.0003.001,Honolulu :,
990005204060106381,ACF0685.0005.001,Honolulu :,
990005204060106381,ACF0685.0006.001,Honolulu :,
990005204060106381,ACF0685.0007.001,Honolulu :,
990005204060106381,ACF0685.0008.001,Honolulu :,
990005211060106381,ACF1394.0001.001,Washington :,
990005211060106381,ACF1394.1900.001,Washington :,
990005211060106381,ACF1394.1902.001,Washington :,
990005211060106381,ACF1394.1903.001,Washington :,
990005211060106381,ACF1394.1904.001,Washington :,
990005211060106381,ACF1394.1905.001,Washington :,
990005211060106381,ACF1394.1906.001,Washington :,
990005211060106381,ACF1394.1906.002,Washington :,
990005211060106381,ACF1394.1907.001,Washington :,
990005211060106381,ACF1394.1909.001,Washington :,
990005211060106381,ACF1394.1910.001,Washington :,
990005211060106381,ACF1394.1911.001,Washington :,
990005211060106381,ACF1394.1912.001,Washington :,
990005211060106381,ACF1394.1913.001,Washington :,
990005211060106381,ACF1394.1915.001,Washington :,
990005211060106381,ACF1394.1916.001,Washington :,
990005211060106381,ACF1394.1917.001,Washington :,
990005211060106381,ACF1394.1919.001,Washington :,
990005211060106381,ACF1394.1921.001,Washington :,
990005211060106381,ACF1394.1922.001,Washington :,
990005211060106381,ACF1394.1923.001,Washington :,
990005211060106381,ACF1394.1925.001,Washington :,
990005211060106381,ACF1394.1926.001,Washington :,
990005211060106381,ACF1394.1927.001,Washington :,
990005211060106381,ACF1394.1928.001,Washington :,
990005211060106381,ACF1394.1929.001,Washington :,
990005211060106381,ACF1394.1930.001,Washington :,
990005212420106381,ACF1532.1900.001,"Manila,",
990005212420106381,ACF1532.1905.009,"Manila,",
990005212420106381,ACF1532.1910.001,"Manila,",
990005212420106381,ACF1532.1915.001,"Manila,",
990005212420106381,ACF1532.1918.001,"Manila,",
990005223390106381,ACF2641.0001.001,Manila :,
990005223390106381,ACF2641.0002.001,Manila :,
990005223390106381,ACF2641.0003.001,Manila :,
990005223390106381,ACF2641.0004.001,Manila :,
990005223390106381,ACF2641.0005.001,Manila :,
990005223390106381,ACF2641.0006.001,Manila :,
990005223530106381,ACF2655.0001.001,"Manila,",
990005223530106381,ACF2655.1901.001,"Manila,",
990005223530106381,ACF2655.1902.001,"Manila,",
990005223530106381,ACF2655.1903.001,"Manila,",
990005223530106381,ACF2655.1904.001,"Manila,",
990005223530106381,ACF2655.1906.001,"Manila,",
990005223530106381,ACF2655.1923.001,"Manila,",
990005223530106381,ACF2655.1924.001,"Manila,",
990005223960106381,ACF2698.0001.001,Manila.,
990005232080106381,ACF3529.0001.001,"Baltimore, Md. [etc.] :",
990005239670106381,ACF4307.0001.001,Manila :,
990005239670106381,ACF4307.0002.001,Manila :,
990005239780106381,ACF4318.0001.001,Manila.,
990005240970106381,ACF4438.0001.001,[Manila.],
990005256220106381,ACF6063.1901.001,Manila [etc.],
990005256220106381,ACF6063.1903.001,Manila [etc.],
990005256220106381,ACF6063.1904.001,Manila [etc.],
990005256220106381,ACF6063.1905.001,Manila [etc.],
990005256220106381,ACF6063.1906.001,Manila [etc.],
990005256220106381,ACF6063.1907.001,Manila [etc.],
990005256220106381,ACF6063.1908.001,Manila [etc.],
990005256220106381,ACF6063.1909.001,Manila [etc.],
990005256220106381,ACF6063.1915.001,Manila [etc.],
990005256220106381,ACF6063.1925.001,Manila [etc.],
990005256220106381,ACF6063.1930.001,Manila [etc.],
990005256220106381,ACF6063.1931.001,Manila [etc.],
990005256220106381,ACF6063.1935.001,Manila [etc.],
990005348770106381,ACG5458.1917.001,Quezon City [etc.],
990005348770106381,ACG5458.1919.001,Quezon City [etc.],
990005348770106381,ACG5458.1920.001,Quezon City [etc.],
990005348770106381,ACG5458.1921.001,Quezon City [etc.],
990005348770106381,ACG5458.1922.001,Quezon City [etc.],
990005348770106381,ACG5458.1923.001,Quezon City [etc.],
990005348770106381,ACG5458.1924.001,Quezon City [etc.],
990005348770106381,ACG5458.1925.001,Quezon City [etc.],
990005348770106381,ACG5458.1926.001,Quezon City [etc.],
990005348770106381,ACG5458.1927.001,Quezon City [etc.],
990005348770106381,ACG5458.1928.001,Quezon City [etc.],
990005348770106381,ACG5458.1930.001,Quezon City [etc.],
990005351420106381,ACG5726.0001.001,Honolulu[etc.],
990005354140106381,ACG6002.0001.001,Habana.,
990005419340106381,ACH2692.0001.001,[Honolulu],
990005420710106381,ACH2829.1906.003,"Manila, P.I.",
990005428580106381,ACH3622.1923.001,[Honolulu],
990005428580106381,ACH3622.1927.001,[Honolulu],
990005428580106381,ACH3622.1929.001,[Honolulu],
990005428580106381,ACH3622.1931.001,[Honolulu],
990005428580106381,ACH3622.1935.001,[Honolulu],
990005428580106381,ACH3622.1939.001,[Honolulu],
990005434120106381,ACH4181.0001.001,"Washington,",
990005434120106381,ACH4181.1902.001,"Washington,",
990005434160106381,ACH4185.1922.001,Washington :,
990005434160106381,ACH4185.1923.001,Washington :,
990005434160106381,ACH4185.1928.001,Washington :,
990005434160106381,ACH4185.1930.001,Washington :,
990005434160106381,ACH4185.1941.001,Washington :,
990005446290106381,ACH5411.0009.001,New York :,
990005446290106381,ACH5411.0009.002,New York :,
990005446290106381,ACH5411.0009.003,New York :,
990005446290106381,ACH5411.0009.004,New York :,
990005451740106381,ACH5961.1903.001,[Honolulu],
990005453990106381,ACH6188.0001.001,Honolulu [etc.],
990005453990106381,ACH6188.1892.001,Honolulu [etc.],
990005453990106381,ACH6188.1892.003,Honolulu [etc.],
990005453990106381,ACH6188.1892.004,Honolulu [etc.],
990005453990106381,ACH6188.1892.005,Honolulu [etc.],
990005453990106381,ACH6188.1892.006,Honolulu [etc.],
990005453990106381,ACH6188.1892.007,Honolulu [etc.],
990005453990106381,ACH6188.1892.008,Honolulu [etc.],
990005453990106381,ACH6188.1892.009,Honolulu [etc.],
990005453990106381,ACH6188.1892.010,Honolulu [etc.],
990005453990106381,ACH6188.1892.011,Honolulu [etc.],
990005453990106381,ACH6188.1892.012,Honolulu [etc.],
990005453990106381,ACH6188.1892.013,Honolulu [etc.],
990005453990106381,ACH6188.1892.014,Honolulu [etc.],
990005453990106381,ACH6188.1892.015,Honolulu [etc.],
990005453990106381,ACH6188.1892.016,Honolulu [etc.],
990005453990106381,ACH6188.1892.017,Honolulu [etc.],
990005453990106381,ACH6188.1892.018,Honolulu [etc.],
990005453990106381,ACH6188.1892.019,Honolulu [etc.],
990005453990106381,ACH6188.1892.020,Honolulu [etc.],
990005453990106381,ACH6188.1892.021,Honolulu [etc.],
990005453990106381,ACH6188.1936.001,Honolulu [etc.],
990005453990106381,ACH6188.1940.001,Honolulu [etc.],
990005489930106381,ACH9837.1908.001,Honolulu :,
990005494600106381,ACJ0341.1902.001,Honolulu :,
990005494600106381,ACJ0341.1906.001,Honolulu :,
990005494600106381,ACJ0341.1908.001,Honolulu :,
990005494600106381,ACJ0341.1911.001,Honolulu :,
990005494600106381,ACJ0341.1923.001,Honolulu :,
990005526730106381,ACJ3603.1919.001,"Habana,",
990005526730106381,ACJ3603.1920.001,"Habana,",
990005526730106381,ACJ3603.1921.001,"Habana,",
990005542460106381,ACJ5228.0001.001,"Washington,",
990005542460106381,ACJ5228.1900.001,"Washington,",
990005542460106381,ACJ5228.1906.001,"Washington,",
990005542460106381,ACJ5228.1914.001,"Washington,",
990005542460106381,ACJ5228.1918.001,"Washington,",
990005542460106381,ACJ5228.1922.001,"Washington,",
990005772540106381,ACL8533.0001.001,"New York,","Boston,"
990005772730106381,ACL8552.0001.001,"London, :","New York,"
990005774520106381,ACL8735.0001.001,"New York,","Boston,"
990005985600106381,ACP0143.1875.001,"Honolulu,",
990005985600106381,ACP0143.1883.001,"Honolulu,",
990005985600106381,ACP0143.1887.001,"Honolulu,",
990005985600106381,ACP0143.1888.001,"Honolulu,",
990005985600106381,ACP0143.1889.001,"Honolulu,",
990005985600106381,ACP0143.1890.001,"Honolulu,",
990005985600106381,ACP0143.1891.001,"Honolulu,",
990005985600106381,ACP0143.1892.001,"Honolulu,",
990005985600106381,ACP0143.1893.001,"Honolulu,",
990005985600106381,ACP0143.1894.001,"Honolulu,",
990005985600106381,ACP0143.1895.001,"Honolulu,",
990005985600106381,ACP0143.1896.001,"Honolulu,",
990005985600106381,ACP0143.1900.001,"Honolulu,",
990005985600106381,ACP0143.1901.001,"Honolulu,",
990005985600106381,ACP0143.1902.001,"Honolulu,",
990005985600106381,ACP0143.1903.001,"Honolulu,",
990005985600106381,ACP0143.1904.001,"Honolulu,",
990005985600106381,ACP0143.1905.001,"Honolulu,",
990005985600106381,ACP0143.1906.001,"Honolulu,",
990005985600106381,ACP0143.1907.001,"Honolulu,",
990005985600106381,ACP0143.1908.001,"Honolulu,",
990005985600106381,ACP0143.1909.001,"Honolulu,",
990005985600106381,ACP0143.1910.001,"Honolulu,",
990005985600106381,ACP0143.1911.001,"Honolulu,",
990005985600106381,ACP0143.1912.001,"Honolulu,",
990005985600106381,ACP0143.1913.001,"Honolulu,",
990005985600106381,ACP0143.1914.001,"Honolulu,",
990005985600106381,ACP0143.1915.001,"Honolulu,",
990005985600106381,ACP0143.1916.001,"Honolulu,",
990005985600106381,ACP0143.1917.001,"Honolulu,",
990005985600106381,ACP0143.1918.001,"Honolulu,",
990005985600106381,ACP0143.1919.001,"Honolulu,",
990005985600106381,ACP0143.1920.001,"Honolulu,",
990005985600106381,ACP0143.1921.001,"Honolulu,",
990005985600106381,ACP0143.1922.001,"Honolulu,",
990005985600106381,ACP0143.1923.001,"Honolulu,",
990005985600106381,ACP0143.1924.001,"Honolulu,",
990005985600106381,ACP0143.1925.001,"Honolulu,",
990005985600106381,ACP0143.1929.001,"Honolulu,",
990005985600106381,ACP0143.1933.001,"Honolulu,",
990005985600106381,ACP0143.1937.001,"Honolulu,",
990005985600106381,ACP0143.1940.001,"Honolulu,",
990005993050106381,ACP0898.0001.001,"Manila, P.I.,",
990005993050106381,ACP0898.0001.010,"Manila, P.I.,",
990005993050106381,ACP0898.0001.004,"Manila, P.I.,",
990005993050106381,ACP0898.0001.005,"Manila, P.I.,",
990005993050106381,ACP0898.0001.006,"Manila, P.I.,",
990005993050106381,ACP0898.0001.009,"Manila, P.I.,",
990005993050106381,ACP0898.0002.001,"Manila, P.I.,",
990005993050106381,ACP0898.0003.001,"Manila, P.I.,",
990005993050106381,ACP0898.0004.001,"Manila, P.I.,",
990005993050106381,ACP0898.1921.001,"Manila, P.I.,",
990005993050106381,ACP0898.1921.002,"Manila, P.I.,",
990005993050106381,ACP0898.1921.003,"Manila, P.I.,",
990005993050106381,ACP0898.1921.004,"Manila, P.I.,",
990005993050106381,ACP0898.1921.008,"Manila, P.I.,",
990005993050106381,ACP0898.1921.010,"Manila, P.I.,",
990005993900106381,ACP0984.0001.001,Manila.,
990005994310106381,ACP1028.0001.001,Manila :,
990005994310106381,ACP1028.0001.010,Manila :,
990005994310106381,ACP1028.0001.011,Manila :,
990005994310106381,ACP1028.0001.012,Manila :,
990005994310106381,ACP1028.0001.002,Manila :,
990005994310106381,ACP1028.0001.021,Manila :,
990005994310106381,ACP1028.0001.024,Manila :,
990005994310106381,ACP1028.0001.025,Manila :,
990005994310106381,ACP1028.0001.028,Manila :,
990005994310106381,ACP1028.0001.029,Manila :,
990005994310106381,ACP1028.0001.003,Manila :,
990005994310106381,ACP1028.0001.031,Manila :,
990005994310106381,ACP1028.0001.032,Manila :,
990005994310106381,ACP1028.0001.033,Manila :,
990005994310106381,ACP1028.0001.034,Manila :,
990005994310106381,ACP1028.0001.004,Manila :,
990005994310106381,ACP1028.0001.006,Manila :,
990005994310106381,ACP1028.0001.009,Manila :,
990005994310106381,ACP1028.1911.035,Manila :,
990005994310106381,ACP1028.1911.040,Manila :,
990005994310106381,ACP1028.1911.041,Manila :,
990005994310106381,ACP1028.1911.042,Manila :,
990005994310106381,ACP1028.1912.037,Manila :,
990005994310106381,ACP1028.1912.043,Manila :,
990005994310106381,ACP1028.1912.044,Manila :,
990005994310106381,ACP1028.1912.045,Manila :,
990005994310106381,ACP1028.1913.040,Manila :,
990005994310106381,ACP1028.1913.049,Manila :,
990005994310106381,ACP1028.1913.051,Manila :,
990005994310106381,ACP1028.1917.043,Manila :,
990005994310106381,ACP1028.1918.036,Manila :,
990005994310106381,ACP1028.1918.051,Manila :,
990005998750106381,ACP1475.0003.001,Manila.,
990005998750106381,ACP1475.1901.001,Manila.,
990005998750106381,ACP1475.1903.001,Manila.,
990005998750106381,ACP1475.1904.001,Manila.,
990005998750106381,ACP1475.1904.003,Manila.,
990005998750106381,ACP1475.1905.001,Manila.,
990005998750106381,ACP1475.1905.003,Manila.,
990005998750106381,ACP1475.1907.001,Manila.,
990005998750106381,ACP1475.1908.001,Manila.,
990006077700106381,ACP9465.0001.001,Lille :,Paris :
990006357710106381,ACS7905.0001.001,Manila :,
990006358280106381,ACS7962.1926.001,Manila :,
990006358280106381,ACS7962.1927.001,Manila :,
990006358280106381,ACS7962.1930.001,Manila :,
990006358280106381,ACS7962.1931.001,Manila :,
990006358280106381,ACS7962.1936.001,Manila :,
990006358280106381,ACS7962.1937.001,Manila :,
990006358280106381,ACS7962.1938.001,Manila :,
990006358780106381,ACS8014.1902.002,Manila.,
990006358780106381,ACS8014.1902.003,Manila.,
990006358780106381,ACS8014.1902.004,Manila.,
990006358780106381,ACS8014.1909.001,Manila.,
990006358780106381,ACS8014.1911.001,Manila.,
990006358780106381,ACS8014.1913.001,Manila.,
990006358780106381,ACS8014.1915.001,Manila.,
990006358780106381,ACS8014.1916.001,Manila.,
990006358780106381,ACS8014.1917.001,Manila.,
990006358780106381,ACS8014.1918.001,Manila.,
990006358780106381,ACS8014.1919.001,Manila.,
990006358780106381,ACS8014.1920.001,Manila.,
990006358780106381,ACS8014.1921.001,Manila.,
990006358780106381,ACS8014.1922.001,Manila.,
990006358780106381,ACS8014.1923.003,Manila.,
990006358780106381,ACS8014.1924.001,Manila.,
990006358780106381,ACS8014.1925.001,Manila.,
990006358780106381,ACS8014.1927.001,Manila.,
990006362780106381,ACS8422.0001.002,"Honolulu,",
990006362780106381,ACS8422.0001.003,"Honolulu,",
990006362780106381,ACS8422.0001.004,"Honolulu,",
990006362780106381,ACS8422.0001.005,"Honolulu,",
990006362780106381,ACS8422.0004.001,"Honolulu,",
990006362780106381,ACS8422.0004.002,"Honolulu,",
990006362780106381,ACS8422.0004.003,"Honolulu,",
990006362780106381,ACS8422.0004.004,"Honolulu,",
990006362780106381,ACS8422.0004.005,"Honolulu,",
990006363850106381,ACS8530.0001.001,"Washington, D.C.",
990006363850106381,ACS8530.1900.001,"Washington, D.C.",
990006363850106381,ACS8530.1902.001,"Washington, D.C.",
990006363850106381,ACS8530.1904.001,"Washington, D.C.",
990006363850106381,ACS8530.1909.001,"Washington, D.C.",
990006363850106381,ACS8530.1911.001,"Washington, D.C.",
990006363850106381,ACS8530.1912.001,"Washington, D.C.",
990006363850106381,ACS8530.1913.001,"Washington, D.C.",
990006363850106381,ACS8530.1914.001,"Washington, D.C.",
990006363850106381,ACS8530.1915.001,"Washington, D.C.",
990006363850106381,ACS8530.1916.001,"Washington, D.C.",
990006363850106381,ACS8530.1918.001,"Washington, D.C.",
990006363850106381,ACS8530.1920.001,"Washington, D.C.",
990006363850106381,ACS8530.1921.001,"Washington, D.C.",
990006363850106381,ACS8530.1922.001,"Washington, D.C.",
990006363850106381,ACS8530.1923.001,"Washington, D.C.",
990006363850106381,ACS8530.1924.001,"Washington, D.C.",
990006363850106381,ACS8530.1925.001,"Washington, D.C.",
990006373510106381,ACS9512.0001.017,"Manila,",
990006373510106381,ACS9512.0001.021,"Manila,",
990006373510106381,ACS9512.0001.025,"Manila,",
990006373510106381,ACS9512.0001.027,"Manila,",
990006373510106381,ACS9512.0011.001,"Manila,",
990006373510106381,ACS9512.0002.004,"Manila,",
990006373510106381,ACS9512.0006.001,"Manila,",
990006373510106381,ACS9512.1904.001,"Manila,",
990006373510106381,ACS9512.1906.001,"Manila,",
990006373510106381,ACS9512.1907.001,"Manila,",
990006373510106381,ACS9512.1908.001,"Manila,",
990006373510106381,ACS9512.1909.001,"Manila,",
990006373510106381,ACS9512.1910.001,"Manila,",
990006373510106381,ACS9512.1912.001,"Manila,",
990006373510106381,ACS9512.1914.001,"Manila,",
990006373510106381,ACS9512.1915.001,"Manila,",
990006379600106381,ACT0150.0002.001,Salzburg :,
990006384530106381,ACT0648.0001.001,Manila.,
990006396920106381,ACT1908.0006.012,Manila.,
990006396920106381,ACT1908.0007.002,Manila.,
990006396920106381,ACT1908.0007.004,Manila.,
990006412590106381,ACT3515.1921.001,"San Juan, P.R. :",
990006412590106381,ACT3515.1929.001,"San Juan, P.R. :",
990006412590106381,ACT3515.1930.001,"San Juan, P.R. :",
990006416020106381,ACT3868.0001.001,Manila :,
990006416020106381,ACT3868.0001.002,Manila :,
990006416020106381,ACT3868.0001.003,Manila :,
990006416020106381,ACT3868.0001.004,Manila :,
990006416020106381,ACT3868.0001.005,Manila :,
990006416020106381,ACT3868.0001.006,Manila :,
990006416020106381,ACT3868.0001.SUP,Manila :,
990006416020106381,ACT3868.0010.00A,Manila :,
990006416020106381,ACT3868.0010.00B,Manila :,
990006416020106381,ACT3868.0010.00C,Manila :,
990006416020106381,ACT3868.0010.00D,Manila :,
990006416020106381,ACT3868.0011.00A,Manila :,
990006416020106381,ACT3868.0011.00B,Manila :,
990006416020106381,ACT3868.0011.00C,Manila :,
990006416020106381,ACT3868.0011.00D,Manila :,
990006416020106381,ACT3868.0012.00A,Manila :,
990006416020106381,ACT3868.0012.00C,Manila :,
990006416020106381,ACT3868.0012.00D,Manila :,
990006416020106381,ACT3868.0013.00A,Manila :,
990006416020106381,ACT3868.0013.00B,Manila :,
990006416020106381,ACT3868.0013.00C,Manila :,
990006416020106381,ACT3868.0013.00D,Manila :,
990006416020106381,ACT3868.0014.001,Manila :,
990006416020106381,ACT3868.0015.001,Manila :,
990006416020106381,ACT3868.0016.001,Manila :,
990006416020106381,ACT3868.0017.001,Manila :,
990006416020106381,ACT3868.0018.001,Manila :,
990006416020106381,ACT3868.0019.001,Manila :,
990006416020106381,ACT3868.0002.001,Manila :,
990006416020106381,ACT3868.0002.00A,Manila :,
990006416020106381,ACT3868.0002.00B,Manila :,
990006416020106381,ACT3868.0002.00C,Manila :,
990006416020106381,ACT3868.0020.001,Manila :,
990006416020106381,ACT3868.0021.001,Manila :,
990006416020106381,ACT3868.0022.001,Manila :,
990006416020106381,ACT3868.0023.001,Manila :,
990006416020106381,ACT3868.0024.001,Manila :,
990006416020106381,ACT3868.0025.001,Manila :,
990006416020106381,ACT3868.0026.001,Manila :,
990006416020106381,ACT3868.0027.001,Manila :,
990006416020106381,ACT3868.0028.001,Manila :,
990006416020106381,ACT3868.0029.001,Manila :,
990006416020106381,ACT3868.0003.001,Manila :,
990006416020106381,ACT3868.0003.00A,Manila :,
990006416020106381,ACT3868.0003.00B,Manila :,
990006416020106381,ACT3868.0003.00C,Manila :,
990006416020106381,ACT3868.0030.001,Manila :,
990006416020106381,ACT3868.0031.001,Manila :,
990006416020106381,ACT3868.0032.001,Manila :,
990006416020106381,ACT3868.0033.001,Manila :,
990006416020106381,ACT3868.0034.001,Manila :,
990006416020106381,ACT3868.0035.001,Manila :,
990006416020106381,ACT3868.0036.001,Manila :,
990006416020106381,ACT3868.0037.001,Manila :,
990006416020106381,ACT3868.0038.001,Manila :,
990006416020106381,ACT3868.0039.001,Manila :,
990006416020106381,ACT3868.0004.001,Manila :,
990006416020106381,ACT3868.0004.00A,Manila :,
990006416020106381,ACT3868.0004.00B,Manila :,
990006416020106381,ACT3868.0004.00C,Manila :,
990006416020106381,ACT3868.0040.001,Manila :,
990006416020106381,ACT3868.0041.001,Manila :,
990006416020106381,ACT3868.0042.001,Manila :,
990006416020106381,ACT3868.0043.001,Manila :,
990006416020106381,ACT3868.0044.001,Manila :,
990006416020106381,ACT3868.0045.001,Manila :,
990006416020106381,ACT3868.0046.001,Manila :,
990006416020106381,ACT3868.0047.001,Manila :,
990006416020106381,ACT3868.0048.001,Manila :,
990006416020106381,ACT3868.0049.001,Manila :,
990006416020106381,ACT3868.0005.001,Manila :,
990006416020106381,ACT3868.0005.00A,Manila :,
990006416020106381,ACT3868.0005.00B,Manila :,
990006416020106381,ACT3868.0005.00C,Manila :,
990006416020106381,ACT3868.0005.00D,Manila :,
990006416020106381,ACT3868.0050.001,Manila :,
990006416020106381,ACT3868.0051.001,Manila :,
990006416020106381,ACT3868.0052.001,Manila :,
990006416020106381,ACT3868.0053.001,Manila :,
990006416020106381,ACT3868.0054.001,Manila :,
990006416020106381,ACT3868.0055.001,Manila :,
990006416020106381,ACT3868.0056.001,Manila :,
990006416020106381,ACT3868.0057.001,Manila :,
990006416020106381,ACT3868.0058.001,Manila :,
990006416020106381,ACT3868.0059.001,Manila :,
990006416020106381,ACT3868.0006.001,Manila :,
990006416020106381,ACT3868.0006.00A,Manila :,
990006416020106381,ACT3868.0006.00B,Manila :,
990006416020106381,ACT3868.0006.00C,Manila :,
990006416020106381,ACT3868.0006.00D,Manila :,
990006416020106381,ACT3868.0060.001,Manila :,
990006416020106381,ACT3868.0061.001,Manila :,
990006416020106381,ACT3868.0062.001,Manila :,
990006416020106381,ACT3868.0063.001,Manila :,
990006416020106381,ACT3868.0064.001,Manila :,
990006416020106381,ACT3868.0065.001,Manila :,
990006416020106381,ACT3868.0066.001,Manila :,
990006416020106381,ACT3868.0067.001,Manila :,
990006416020106381,ACT3868.0068.001,Manila :,
990006416020106381,ACT3868.0069.001,Manila :,
990006416020106381,ACT3868.0007.00A,Manila :,
990006416020106381,ACT3868.0007.00B,Manila :,
990006416020106381,ACT3868.0007.00C,Manila :,
990006416020106381,ACT3868.0007.00D,Manila :,
990006416020106381,ACT3868.0070.001,Manila :,
990006416020106381,ACT3868.0071.001,Manila :,
990006416020106381,ACT3868.0072.001,Manila :,
990006416020106381,ACT3868.0073.001,Manila :,
990006416020106381,ACT3868.0074.001,Manila :,
990006416020106381,ACT3868.0075.001,Manila :,
990006416020106381,ACT3868.0076.001,Manila :,
990006416020106381,ACT3868.0077.001,Manila :,
990006416020106381,ACT3868.0078.001,Manila :,
990006416020106381,ACT3868.0008.00A,Manila :,
990006416020106381,ACT3868.0008.00B,Manila :,
990006416020106381,ACT3868.0008.00C,Manila :,
990006416020106381,ACT3868.0008.00D,Manila :,
990006416020106381,ACT3868.0009.00A,Manila :,
990006416020106381,ACT3868.0009.00B,Manila :,
990006416020106381,ACT3868.0009.00C,Manila :,
990006416020106381,ACT3868.0009.00D,Manila :,
990006416020106381,ACT3868.INDX.002,Manila :,
990006416020106381,ACT3868.0012.00B,Manila :,
990008769760106381,ADT4127.0001.001,"Hongkong,",
990008773800106381,ADT4533.0001.001,"New York,",
990008773880106381,ADT4541.0001.001,"[Washington?,",
990008774180106381,ADT4571.0001.001,"[Manila,",
990008777030106381,ADT4863.0001.001,"Paris,",
990008835240106381,ADU0788.0001.001,"Habana,",
990008894820106381,ADU6798.1903.001,"Washington, :",
990008894820106381,ADU6798.1905.001,"Washington, :",
990008894820106381,ADU6798.1907.001,"Washington, :",
990008894820106381,ADU6798.1909.001,"Washington, :",
990008894820106381,ADU6798.1911.001,"Washington, :",
990008894820106381,ADU6798.1913.001,"Washington, :",
990008894820106381,ADU6798.1915.001,"Washington, :",
990008894820106381,ADU6798.1917.001,"Washington, :",
990008894820106381,ADU6798.1919.001,"Washington, :",
990008894820106381,ADU6798.1919.002,"Washington, :",
990008894820106381,ADU6798.1921.001,"Washington, :",
990008894820106381,ADU6798.1923.001,"Washington, :",
990008894820106381,ADU6798.1926.001,"Washington, :",
990008894820106381,ADU6798.1929.001,"Washington, :",
990009752390106381,AED4054.0001.001,New York [etc.],"Boston,"
990028551060106381,APZ1173.0001.001,Maynila :,Maynila ;
990028611540106381,APZ7260.0001.001,Manila :,Manila ;
990018290850106381,AHV6174.0001.001,Manila :,
990018290890106381,AHV6178.0001.001,Manila :,
990018548420106381,AHY2547.0001.001,"Manila,",
990018709480106381,AHZ9167.0001.001,"[Manila, etc.,",
990018709490106381,AHZ9168.0001.001,[Manila?],
990018709540106381,AHZ9173.0001.001,"[Manila,",
990018709620106381,AHZ9181.0001.001,"[New York,",
990018709640106381,AHZ9183.0001.001,"[Manila,",
990018709750106381,AHZ9194.0001.001,"Dallas, Texas :","Nashville, Tenn. and"
990018709800106381,AHZ9199.0001.001,"[New York,",
990018709820106381,AHZ9201.0001.001,"New York,","London,"
990018709900106381,AHZ9209.0001.001,"Manila,",New York
990018709990106381,AHZ9218.0001.001,"[Boston, Mass.,",
990018710000106381,AHZ9219.0001.001,"[Manila,",
990018710200106381,AHZ9239.0001.001,Cincinnati [etc.] :,New York.
990018710230106381,AHZ9242.0001.001,Chicago :,"Yonkers-on-Hudson, N. Y.,"
990018710390106381,AHZ9263.0001.001,"[New Haven,",
990018710530106381,AHZ9277.0001.001,"New York,","Cleveland, Ohio,"
990018710530106381,AHZ9277.0002.001,"New York,","Cleveland, Ohio,"
990018710780106381,AHZ9303.0001.001,"[Washington, D.C.,",
990018711230106381,AHZ9349.0001.001,"Manila,",
990018711300106381,AHZ9356.0001.001,"[Manila,",
990018711340106381,AHZ9360.0001.001,"New York,",London and
990018711500106381,AHZ9376.0001.001,Washington [D.C.] :,
990018711520106381,AHZ9378.0001.001,[Washington?,
990018711560106381,AHZ9383.0001.001,"Manila, P.I.,",
990018711700106381,AHZ9397.0001.001,"London,",New York
990018711700106381,AHZ9397.1913.001,"London,",New York
990011773210106381,AFA1682.0001.001,"Madrid,",
990011773210106381,AFA1682.0002.001,"Madrid,",
990011774330106381,AFA1796.0001.001,"Boston,",
990012321570106381,AFF7168.0001.001,"Chicago,",
990012402760106381,AFG5404.0001.001,"Cincinnati,","New York,"
990012568090106381,AFJ2153.0001.001,"New York,","London,"
990012568120106381,AFJ2156.0001.001,London :,"New York,"
990012568210106381,AFJ2165.0001.001,London :,"New York,"
990012569620106381,AFJ2306.0001.001,"[Kansas City, Mo.,",
990012569690106381,AFJ2313.0001.001,"New York,",
990012570250106381,AFJ2371.0001.001,"London,","New York,"
990012570310106381,AFJ2377.0001.001,"Peekskill, N.Y. [etc.]","Washington, D.C.,"
990012570320106381,AFJ2378.0001.001,"London,","New York,"
990022455350106381,AKR6824.0001.001,Tōkyō :,
990024443300106381,ALS0838.1931.001,Manila.,
990024443300106381,ALS0838.1939.001,Manila.,
990024443620106381,ALS0870.0001.001,Madrid :,
990025536490106381,ANG5071.0001.001,"[Manila,",
990026216130106381,ANW8972.0001.001,Yonkers-on-Hudson and Manila :,
990027041550106381,APF1974.0001.001,"Rochefort,","Niort,"
990027255910106381,APH3686.0001.001,Boston [etc.] :,"New York,"
990027929140106381,APS8650.0001.001,Manila :,Manila ;
990027988530106381,APT4629.0001.001,Cebu City :,
990028006940106381,APT6485.0001.001,[Manila? :,
990042906660106381,BBT8872.1896.001,Honolulu :,
990042906660106381,BBT8872.1897.001,Honolulu :,
990042906660106381,BBT8872.1899.001,Honolulu :,
990042989810106381,BBU7685.0001.001,Manila :,
990043784550106381,AFJ2350.0001.001,Washington :,
990049581670106381,AHZ9207.0001.001,Santa Cruz :,
990017183170106381,AHJ1971.1882.001,"Honolulu,",
990017183170106381,AHJ1971.1885.001,"Honolulu,",
990017183170106381,AHJ1971.1899.001,"Honolulu,",
990017185500106381,AHJ2207.1926.001,"Habana,",
990017185500106381,AHJ2207.1930.001,"Habana,",
990017185530106381,AHJ2210.0001.001,"Honolulu,",
990017185530106381,AHJ2210.0003.001,"Honolulu,",
990017201350106381,AHJ3865.0001.001,Manila,
990017335980106381,AHK7692.0001.001,"[Washington,",
990017362710106381,AHL0583.0001.001,"[Honolulu?,",
990017372120106381,AHL1556.0001.001,"[New York?,",
990017378600106381,AHL2214.0001.001,"[n.p.,",
990017468950106381,AHM2110.0001.001,[Havana?,
990017468950106381,AHM2110.0006.001,[Havana?,
990017468950106381,AHM2110.0007.001,[Havana?,
990017468950106381,AHM2110.0008.001,[Havana?,
990017534810106381,AHM8965.0001.001,"[Washington,",
990017534900106381,AHM8974.0001.001,"[Manila,",
990017534910106381,AHM8975.0001.001,"Washington,",
990017534930106381,AHM8977.0001.001,"Manila,",
990017534960106381,AHM8980.0001.001,"[Chicago,",
990017535050106381,AHM8990.0001.001,"Manila,",
990017554120106381,AHN0966.0001.001,"[n. p.,",
990017642150106381,AHP0146.0001.001,"[Honolulu?,",
990018170950106381,AHU4052.0001.001,"Dansalan, Mindanao, Philippines.",
990036072680106381,ATP9605.1938.001,Manila :,
990036072680106381,ATP9605.1939.001,Manila :,
990036072690106381,ATP9606.0001.034,"Cavite, Philippines :",
990036072690106381,ATP9606.0001.036,"Cavite, Philippines :",
990036072690106381,ATP9606.0001.039,"Cavite, Philippines :",
990036072690106381,ATP9606.0001.044,"Cavite, Philippines :",
990036072690106381,ATP9606.0001.052,"Cavite, Philippines :",
990036072690106381,ATP9606.0002.016,"Cavite, Philippines :",
990036072690106381,ATP9606.0002.019,"Cavite, Philippines :",
990036072690106381,ATP9606.0003.018,"Cavite, Philippines :",
990036072690106381,ATP9606.0003.003,"Cavite, Philippines :",
990036072690106381,ATP9606.0003.005,"Cavite, Philippines :",
990036072690106381,ATP9606.0003.007,"Cavite, Philippines :",
990036145860106381,ATQ6926.0001.001,"Manila,",
990036146390106381,ATQ6979.1929.001,Manila :,
990036146390106381,ATQ6979.1930.001,Manila :,
990040319380106381,BAQ2895.0001.001,New York :,Chicago ;
990041858770106381,BBG8667.1909.001,Manila :,
990042336020106381,BBM8774.0001.001,"Washington,",
990042336430106381,BBM8815.0001.001,[S.l. :,
990003957550106381,ABS3991.0001.001,N. Y. :,
990004046950106381,ABT3048.0001.001,"London, :","New York,"
990004505100106381,ABX9590.0001.001,[Boston,
990004655710106381,ABZ4883.0001.001,"Detroit,",
990004657600106381,ABZ5072.0001.001,"London,","New York,"
990004658320106381,ABZ5144.0001.001,"New York, :","Boston,"
990004658320106381,ABZ5144.0002.001,"New York, :","Boston,"
990004665600106381,ABZ5882.0001.001,"New York,","London,"
990004672350106381,ABZ6565.0001.001,London :,"New York,"
990004672590106381,ABZ6590.0001.001,London :,"New York,"
990004675160106381,ABZ6851.0001.001,New York [etc.] :,"London,"
990004675180106381,ABZ6853.0001.001,"Washington,",
990004750320106381,ACA4533.0001.001,"London,","New York,"
990004938090106381,ACC3586.0001.011,Manila :,
990004938090106381,ACC3586.0001.012,Manila :,
990004938090106381,ACC3586.0001.013,Manila :,
990004938090106381,ACC3586.0001.014,Manila :,
990004938090106381,ACC3586.0001.015,Manila :,
990004938090106381,ACC3586.0001.016,Manila :,
990004938090106381,ACC3586.0001.020,Manila :,
990004938090106381,ACC3586.0001.021,Manila :,
990004938090106381,ACC3586.0001.022,Manila :,
990004938090106381,ACC3586.0001.007,Manila :,
990004952350106381,ACC5041.0001.001,"New York,",
990004952350106381,ACC5041.0002.001,"New York,",
990004952680106381,ACC5074.0001.032,Manila.,
990004952680106381,ACC5074.0001.038,Manila.,
990004952680106381,ACC5074.0001.040,Manila.,
990004952680106381,ACC5074.0025.001,Manila.,
990004952680106381,ACC5074.0028.001,Manila.,
990004952680106381,ACC5074.0003.001,Manila.,
990004952680106381,ACC5074.0033.001,Manila.,
990004952680106381,ACC5074.0034.001,Manila.,
990004952680106381,ACC5074.0006.001,Manila.,
990004957830106381,ACC5592.0001.001,"San Juan,",
990004957830106381,ACC5592.1910.001,"San Juan,",
990004957830106381,ACC5592.1911.001,"San Juan,",
990004960420106381,ACC5855.1892.001,"Wellington,",
990004960420106381,ACC5855.1893.001,"Wellington,",
990004960420106381,ACC5855.1900.001,"Wellington,",
990004960420106381,ACC5855.1902.001,"Wellington,",
990004960420106381,ACC5855.1910.001,"Wellington,",
990004963400106381,ACC6166.0001.001,Boston :,
990004963400106381,ACC6166.0001.010,Boston :,
990004963400106381,ACC6166.0001.002,Boston :,
990004963400106381,ACC6166.0001.003,Boston :,
990004963400106381,ACC6166.0001.004,Boston :,
990004963400106381,ACC6166.0001.005,Boston :,
990004963400106381,ACC6166.0001.006,Boston :,
990004963400106381,ACC6166.0001.007,Boston :,
990004963400106381,ACC6166.0001.008,Boston :,
990004963400106381,ACC6166.0001.009,Boston :,
990004963630106381,ACC6190.0001.001,"Manila,",
990004963710106381,ACC6198.1924.001,"Washington, D.C.,",
990004963710106381,ACC6198.1925.003,"Washington, D.C.,",
990004963710106381,ACC6198.1926.001,"Washington, D.C.,",
990004963710106381,ACC6198.1926.002,"Washington, D.C.,",
990004963710106381,ACC6198.1926.003,"Washington, D.C.,",
990004963710106381,ACC6198.1926.004,"Washington, D.C.,",
990004963710106381,ACC6198.1926.005,"Washington, D.C.,",
990004963710106381,ACC6198.1926.006,"Washington, D.C.,",
990004963710106381,ACC6198.1926.007,"Washington, D.C.,",
990004963710106381,ACC6198.1926.008,"Washington, D.C.,",
990004963710106381,ACC6198.1926.009,"Washington, D.C.,",
990004963710106381,ACC6198.1926.010,"Washington, D.C.,",
990004963710106381,ACC6198.1926.011,"Washington, D.C.,",
990004963710106381,ACC6198.1927.001,"Washington, D.C.,",
990004963710106381,ACC6198.1927.011,"Washington, D.C.,",
990004963710106381,ACC6198.1928.001,"Washington, D.C.,",
990004963710106381,ACC6198.1928.002,"Washington, D.C.,",
990004965020106381,ACC6331.1907.001,"Manila,",
990004965020106381,ACC6331.1911.001,"Manila,",
990004965020106381,ACC6331.1913.001,"Manila,",
990004987750106381,ACC8675.1916.001,Manila.,
990004987750106381,ACC8675.1917.001,Manila.,
990004987750106381,ACC8675.1918.001,Manila.,
990004987750106381,ACC8675.1919.001,Manila.,
990004987750106381,ACC8675.1921.001,Manila.,
990004987750106381,ACC8675.1922.001,Manila.,
990004987750106381,ACC8675.1923.001,Manila.,
990004987750106381,ACC8675.1924.001,Manila.,
990004987750106381,ACC8675.1925.001,Manila.,
990004987750106381,ACC8675.1926.001,Manila.,
990004987750106381,ACC8675.1927.001,Manila.,
990004987750106381,ACC8675.1928.001,Manila.,
990004987750106381,ACC8675.1929.001,Manila.,
990004987750106381,ACC8675.1930.001,Manila.,
990004987750106381,ACC8675.1931.001,Manila.,
990004987750106381,ACC8675.1932.001,Manila.,
990004987750106381,ACC8675.1937.001,Manila.,
990004987750106381,ACC8675.1938.001,Manila.,
990004987750106381,ACC8675.1939.001,Manila.,
990005025290106381,ACD2499.0001.001,"Honolulu,",
990005025290106381,ACD2499.0010.001,"Honolulu,",
990005025290106381,ACD2499.0011.001,"Honolulu,",
990005025290106381,ACD2499.0012.001,"Honolulu,",
990005025290106381,ACD2499.0013.001,"Honolulu,",
990005025290106381,ACD2499.0014.001,"Honolulu,",
990005025290106381,ACD2499.0015.001,"Honolulu,",
990005025290106381,ACD2499.0016.001,"Honolulu,",
990005025290106381,ACD2499.0017.001,"Honolulu,",
990005025290106381,ACD2499.0019.001,"Honolulu,",
990005025290106381,ACD2499.0020.001,"Honolulu,",
990005025290106381,ACD2499.0021.001,"Honolulu,",
990005025290106381,ACD2499.0022.001,"Honolulu,",
990005025290106381,ACD2499.0023.001,"Honolulu,",
990005025290106381,ACD2499.0024.001,"Honolulu,",
990005025290106381,ACD2499.0025.001,"Honolulu,",
990005025290106381,ACD2499.0026.001,"Honolulu,",
990005025290106381,ACD2499.0027.001,"Honolulu,",
990005025290106381,ACD2499.0028.001,"Honolulu,",
990005025290106381,ACD2499.0029.001,"Honolulu,",
990005025290106381,ACD2499.0003.001,"Honolulu,",
990005025290106381,ACD2499.0030.001,"Honolulu,",
990005025290106381,ACD2499.0031.001,"Honolulu,",
990005025290106381,ACD2499.0032.001,"Honolulu,",
990005025290106381,ACD2499.0033.001,"Honolulu,",
990005025290106381,ACD2499.0034.001,"Honolulu,",
990005025290106381,ACD2499.0035.001,"Honolulu,",
990005025290106381,ACD2499.0036.001,"Honolulu,",
990005025290106381,ACD2499.0037.001,"Honolulu,",
990005025290106381,ACD2499.0038.001,"Honolulu,",
990005025290106381,ACD2499.0039.001,"Honolulu,",
990005025290106381,ACD2499.0004.001,"Honolulu,",
990005025290106381,ACD2499.0005.001,"Honolulu,",
990005025290106381,ACD2499.0006.001,"Honolulu,",
990005025290106381,ACD2499.0007.001,"Honolulu,",
990005025290106381,ACD2499.0008.001,"Honolulu,",
990005025290106381,ACD2499.0009.001,"Honolulu,",
990005025290106381,ACD2499.1931.001,"Honolulu,",
990005025290106381,ACD2499.1938.001,"Honolulu,",
990005042450106381,ACD4260.0001.001,"Brookline, Mass. :",
990005047480106381,ACD4789.0001.008,[San Juan],
990005047480106381,ACD4789.0001.009,[San Juan],
990005047480106381,ACD4789.0010.001,[San Juan],
990005047480106381,ACD4789.0011.001,[San Juan],
990005047480106381,ACD4789.0012.001,[San Juan],
990005047480106381,ACD4789.0013.001,[San Juan],
990005047480106381,ACD4789.0003.028,[San Juan],
990005047480106381,ACD4789.0003.029,[San Juan],
990005047480106381,ACD4789.0003.030,[San Juan],
990005047480106381,ACD4789.0003.031,[San Juan],
990005047480106381,ACD4789.0003.032,[San Juan],
990005047480106381,ACD4789.0003.033,[San Juan],
990005047480106381,ACD4789.0003.034,[San Juan],
990005047480106381,ACD4789.0003.035,[San Juan],
990005047480106381,ACD4789.0003.036,[San Juan],
990005047480106381,ACD4789.0005.049,[San Juan],
990005047480106381,ACD4789.0005.050,[San Juan],
990005047480106381,ACD4789.0005.051,[San Juan],
990005047480106381,ACD4789.0005.052,[San Juan],
990005047480106381,ACD4789.0005.053,[San Juan],
990005047480106381,ACD4789.0005.054,[San Juan],
990005047480106381,ACD4789.0005.055,[San Juan],
990005047480106381,ACD4789.0005.057,[San Juan],
990005047480106381,ACD4789.0005.058,[San Juan],
990005047480106381,ACD4789.0005.059,[San Juan],
990005047480106381,ACD4789.0006.001,[San Juan],
990005047480106381,ACD4789.0007.001,[San Juan],
990005053440106381,ACD5391.1901.001,Manila :,
990005053440106381,ACD5391.1903.001,Manila :,
990005053440106381,ACD5391.1904.001,Manila :,
990005053440106381,ACD5391.1905.001,Manila :,
990005053440106381,ACD5391.1906.001,Manila :,
990005053440106381,ACD5391.1907.001,Manila :,
990005053440106381,ACD5391.1908.001,Manila :,
990005053440106381,ACD5391.1909.001,Manila :,
990005053440106381,ACD5391.1910.001,Manila :,
990005053440106381,ACD5391.1911.001,Manila :,
990005053440106381,ACD5391.1912.001,Manila :,
990005053440106381,ACD5391.1913.001,Manila :,
990005053440106381,ACD5391.1914.001,Manila :,
990005053440106381,ACD5391.1915.001,Manila :,
990005053440106381,ACD5391.1916.001,Manila :,
990005053440106381,ACD5391.1917.001,Manila :,
990005053440106381,ACD5391.1918.001,Manila :,
990005053440106381,ACD5391.1919.001,Manila :,
990005053440106381,ACD5391.1920.001,Manila :,
990005053440106381,ACD5391.1921.001,Manila :,
990005053440106381,ACD5391.1924.001,Manila :,
990005053440106381,ACD5391.1925.001,Manila :,
990005053440106381,ACD5391.1925.002,Manila :,
990005053440106381,ACD5391.1925.003,Manila :,
990005058020106381,ACD5859.1903.001,"Manila,",
990005058120106381,ACD5869.0001.012,"Manila,",
990005058120106381,ACD5869.0001.003,"Manila,",
990005058120106381,ACD5869.0001.004,"Manila,",
990005058120106381,ACD5869.0002.001,"Manila,",
990005058120106381,ACD5869.0023.002,"Manila,",
990005058120106381,ACD5869.0023.003,"Manila,",
990005058120106381,ACD5869.0023.004,"Manila,",
990005058120106381,ACD5869.0024.010,"Manila,",
990005058120106381,ACD5869.0025.001,"Manila,",
990005058120106381,ACD5869.0026.001,"Manila,",
990005058120106381,ACD5869.0027.001,"Manila,",
990005058120106381,ACD5869.0028.001,"Manila,",
990005058120106381,ACD5869.0029.001,"Manila,",
990005058120106381,ACD5869.0030.001,"Manila,",
990005058120106381,ACD5869.0030.004,"Manila,",
990005058120106381,ACD5869.0030.005,"Manila,",
990005058120106381,ACD5869.0030.006,"Manila,",
990005058120106381,ACD5869.0031.001,"Manila,",
990005058120106381,ACD5869.0032.001,"Manila,",
990005058120106381,ACD5869.0032.006,"Manila,",
990005058120106381,ACD5869.0032.008,"Manila,",
990005058120106381,ACD5869.0033.001,"Manila,",
990005058120106381,ACD5869.0033.005,"Manila,",
990005058120106381,ACD5869.0034.001,"Manila,",
990005058120106381,ACD5869.0035.001,"Manila,",
990005058120106381,ACD5869.0036.001,"Manila,",
990005058120106381,ACD5869.0036.010,"Manila,",
990005058120106381,ACD5869.0036.012,"Manila,",
990005058120106381,ACD5869.0036.007,"Manila,",
990005058120106381,ACD5869.0036.008,"Manila,",
990005058120106381,ACD5869.0036.009,"Manila,",
990005058120106381,ACD5869.0037.001,"Manila,",
990005058120106381,ACD5869.0037.002,"Manila,",
990005058120106381,ACD5869.0037.004,"Manila,",
990005058120106381,ACD5869.0038.001,"Manila,",
990005058120106381,ACD5869.0004.005,"Manila,",
990005065000106381,ACD6570.0001.001,Manila.,
990005065000106381,ACD6570.0001.004,Manila.,
990005065000106381,ACD6570.0002.001,Manila.,
990005065000106381,ACD6570.0005.001,Manila.,
990005065000106381,ACD6570.0006.001,Manila.,
990005065330106381,ACD6603.0001.001,Manila.,
990005065330106381,ACD6603.1901.001,Manila.,
990005065330106381,ACD6603.1903.001,Manila.,
990005065330106381,ACD6603.1904.001,Manila.,
990005065330106381,ACD6603.1912.001,Manila.,
990005065330106381,ACD6603.1913.001,Manila.,
990005067630106381,ACD6839.0001.001,Calcutta :,
990005071990106381,ACD7282.1902.001,"Manila,",
990005071990106381,ACD7282.1905.001,"Manila,",
990005071990106381,ACD7282.1906.001,"Manila,",
990005071990106381,ACD7282.1907.001,"Manila,",
990005071990106381,ACD7282.1911.001,"Manila,",
990005071990106381,ACD7282.1911.002,"Manila,",
990005071990106381,ACD7282.1912.001,"Manila,",
990005071990106381,ACD7282.1912.002,"Manila,",
990005071990106381,ACD7282.1916.001,"Manila,",
990005071990106381,ACD7282.1918.001,"Manila,",
990005071990106381,ACD7282.1919.001,"Manila,",
990005071990106381,ACD7282.1921.001,"Manila,",
990005071990106381,ACD7282.1922.001,"Manila,",
990005071990106381,ACD7282.1923.001,"Manila,",
990005071990106381,ACD7282.1924.001,"Manila,",
990005071990106381,ACD7282.1925.001,"Manila,",
990005071990106381,ACD7282.1926.001,"Manila,",
990005071990106381,ACD7282.1927.001,"Manila,",
990005071990106381,ACD7282.0001.001,"Manila,",
990005178480106381,ACE8078.0001.001,[Manila].,
990005179310106381,ACE8164.1920.001,[Honolulu],
990005179310106381,ACE8164.1923.001,[Honolulu],
990005179310106381,ACE8164.1924.001,[Honolulu],
990005179310106381,ACE8164.1925.001,[Honolulu],
990005179310106381,ACE8164.1928.001,[Honolulu],
990005179310106381,ACE8164.1930.001,[Honolulu],
990005179310106381,ACE8164.1931.001,[Honolulu],
990005179310106381,ACE8164.1932.001,[Honolulu],
990005191550106381,ACE9424.0100.001,"San Juan, P.R.,",
990005191550106381,ACE9424.0101.001,"San Juan, P.R.,",
990005191550106381,ACE9424.0102.001,"San Juan, P.R.,",
990005191550106381,ACE9424.0103.001,"San Juan, P.R.,",
990005191550106381,ACE9424.0104.001,"San Juan, P.R.,",
990005191550106381,ACE9424.0105.001,"San Juan, P.R.,",
990005191550106381,ACE9424.0106.001,"San Juan, P.R.,",
990005191550106381,ACE9424.0062.001,"San Juan, P.R.,",
990005191550106381,ACE9424.0107.001,"San Juan, P.R.,",
990005191550106381,ACE9424.0085.001,"San Juan, P.R.,",
990005191550106381,ACE9424.0086.001,"San Juan, P.R.,",
990005191550106381,ACE9424.0087.001,"San Juan, P.R.,",
990005191550106381,ACE9424.0088.001,"San Juan, P.R.,",
990005191550106381,ACE9424.0089.001,"San Juan, P.R.,",
990005191550106381,ACE9424.0090.001,"San Juan, P.R.,",
990005191550106381,ACE9424.0091.001,"San Juan, P.R.,",
990005191550106381,ACE9424.0092.001,"San Juan, P.R.,",
990005191550106381,ACE9424.0093.001,"San Juan, P.R.,",
990005191550106381,ACE9424.0094.001,"San Juan, P.R.,",
990005191550106381,ACE9424.0095.001,"San Juan, P.R.,",
990005191550106381,ACE9424.0096.001,"San Juan, P.R.,",
990005191550106381,ACE9424.0097.001,"San Juan, P.R.,",
990005191550106381,ACE9424.0098.001,"San Juan, P.R.,",
990005191550106381,ACE9424.0099.001,"San Juan, P.R.,",
990000056790106381,AAA6267.0001.001,Chicago :,"Philadelphia,"
990000323440106381,AAD4285.0001.001,"London,",
990000453550106381,AAE7719.0010.012,Honolulu :,
990000453550106381,AAE7719.0010.002,Honolulu :,
990000453550106381,AAE7719.0010.003,Honolulu :,
990000453550106381,AAE7719.0010.004,Honolulu :,
990000453550106381,AAE7719.0010.006,Honolulu :,
990000453550106381,AAE7719.0010.007,Honolulu :,
990000453550106381,AAE7719.0010.008,Honolulu :,
990000453550106381,AAE7719.0011.010,Honolulu :,
990000453550106381,AAE7719.0011.003,Honolulu :,
990000453550106381,AAE7719.0011.004,Honolulu :,
990000453550106381,AAE7719.0011.005,Honolulu :,
990000453550106381,AAE7719.0011.006,Honolulu :,
990000453550106381,AAE7719.0011.008,Honolulu :,
990000453550106381,AAE7719.0011.009,Honolulu :,
990000453550106381,AAE7719.0012.001,Honolulu :,
990000453550106381,AAE7719.0012.007,Honolulu :,
990000453550106381,AAE7719.0012.008,Honolulu :,
990000453550106381,AAE7719.0013.012,Honolulu :,
990000453550106381,AAE7719.0013.005,Honolulu :,
990000453550106381,AAE7719.0013.007,Honolulu :,
990000453550106381,AAE7719.0013.008,Honolulu :,
990000453550106381,AAE7719.0013.IND,Honolulu :,
990000453550106381,AAE7719.0014.001,Honolulu :,
990000453550106381,AAE7719.0014.010,Honolulu :,
990000453550106381,AAE7719.0014.011,Honolulu :,
990000453550106381,AAE7719.0014.012,Honolulu :,
990000453550106381,AAE7719.0014.002,Honolulu :,
990000453550106381,AAE7719.0014.003,Honolulu :,
990000453550106381,AAE7719.0014.005,Honolulu :,
990000453550106381,AAE7719.0014.006,Honolulu :,
990000453550106381,AAE7719.0014.007,Honolulu :,
990000453550106381,AAE7719.0014.009,Honolulu :,
990000453550106381,AAE7719.0006.005,Honolulu :,
990000453550106381,AAE7719.0006.IND,Honolulu :,
990000453550106381,AAE7719.0007.007,Honolulu :,
990000453550106381,AAE7719.0008.001,Honolulu :,
990000453550106381,AAE7719.0008.010,Honolulu :,
990000453550106381,AAE7719.0008.002,Honolulu :,
990000453550106381,AAE7719.0008.003,Honolulu :,
990000453550106381,AAE7719.0008.005,Honolulu :,
990000453550106381,AAE7719.0008.007,Honolulu :,
990000453550106381,AAE7719.0008.008,Honolulu :,
990000453550106381,AAE7719.0008.009,Honolulu :,
990000453550106381,AAE7719.0009.010,Honolulu :,
990000453550106381,AAE7719.0009.012,Honolulu :,
990000453550106381,AAE7719.0009.002,Honolulu :,
990000453550106381,AAE7719.0009.003,Honolulu :,
990000453550106381,AAE7719.0009.004,Honolulu :,
990000453550106381,AAE7719.0009.005,Honolulu :,
990000453550106381,AAE7719.0009.006,Honolulu :,
990000453550106381,AAE7719.0009.007,Honolulu :,
990000453550106381,AAE7719.0009.008,Honolulu :,
990000453550106381,AAE7719.0009.009,Honolulu :,
990000453550106381,AAE7719.0009.011,Honolulu :,
990000454940106381,AAE7861.1886.001,Honolulu.,
990000454940106381,AAE7861.1888.001,Honolulu.,
990000454940106381,AAE7861.1888.002,Honolulu.,
990000454940106381,AAE7861.1890.001,Honolulu.,
990000454940106381,AAE7861.1890.002,Honolulu.,
990000454940106381,AAE7861.1896.001,Honolulu.,
990000492050106381,AAF1609.1909.001,Manila.,
990000492050106381,AAF1609.1911.001,Manila.,
990000492050106381,AAF1609.1912.001,Manila.,
990000492050106381,AAF1609.1915.001,Manila.,
990000492050106381,AAF1609.1916.001,Manila.,
990000492050106381,AAF1609.1917.001,Manila.,
990000492050106381,AAF1609.1918.001,Manila.,
990000492050106381,AAF1609.1919.001,Manila.,
990000492050106381,AAF1609.1920.001,Manila.,
990000492050106381,AAF1609.1921.001,Manila.,
990000492050106381,AAF1609.1922.001,Manila.,
990000492050106381,AAF1609.1924.001,Manila.,
990000492050106381,AAF1609.1925.001,Manila.,
990000492050106381,AAF1609.1926.001,Manila.,
990000492050106381,AAF1609.1927.001,Manila.,
990000492050106381,AAF1609.1928.001,Manila.,
990000492050106381,AAF1609.1929.001,Manila.,
990000492050106381,AAF1609.1930.001,Manila.,
990000492050106381,AAF1609.1931.001,Manila.,
990000492050106381,AAF1609.1932.001,Manila.,
990000492050106381,AAF1609.1933.001,Manila.,
990000492050106381,AAF1609.1934.001,Manila.,
990000492050106381,AAF1609.1935.001,Manila.,
990000492050106381,AAF1609.1937.001,Manila.,
990000492050106381,AAF1609.1938.001,Manila.,
990000492050106381,AAF1609.1940.001,Manila.,
990000492820106381,AAF1686.0001.001,"[Baltimore,",
990000508050106381,AAF3220.1853.001,Honolulu.,
990000508050106381,AAF3220.1854.001,Honolulu.,
990000508050106381,AAF3220.1855.001,Honolulu.,
990000508050106381,AAF3220.1855.002,Honolulu.,
990000508050106381,AAF3220.1856.001,Honolulu.,
990000508050106381,AAF3220.1862.001,Honolulu.,
990000508050106381,AAF3220.1862.002,Honolulu.,
990000508050106381,AAF3220.1890.001,Honolulu.,
990000508050106381,AAF3220.1892.001,Honolulu.,
990000508050106381,AAF3220.1894.001,Honolulu.,
990000508050106381,AAF3220.1900.001,Honolulu.,
990000515700106381,AAF4003.0011.001,"[Agana, Guam] :",
990000515700106381,AAF4003.0011.002,"[Agana, Guam] :",
990000515700106381,AAF4003.0011.003,"[Agana, Guam] :",
990000515700106381,AAF4003.0011.005,"[Agana, Guam] :",
990000515700106381,AAF4003.0012.002,"[Agana, Guam] :",
990000515700106381,AAF4003.0012.003,"[Agana, Guam] :",
990000515700106381,AAF4003.0012.006,"[Agana, Guam] :",
990000515700106381,AAF4003.0012.007,"[Agana, Guam] :",
990000515700106381,AAF4003.0012.009,"[Agana, Guam] :",
990000515700106381,AAF4003.0013.010,"[Agana, Guam] :",
990000515700106381,AAF4003.0013.011,"[Agana, Guam] :",
990000515700106381,AAF4003.0013.012,"[Agana, Guam] :",
990000515700106381,AAF4003.0013.009,"[Agana, Guam] :",
990000515700106381,AAF4003.0005.001,"[Agana, Guam] :",
990000515700106381,AAF4003.0006.006,"[Agana, Guam] :",
990000515700106381,AAF4003.0007.011,"[Agana, Guam] :",
990000515700106381,AAF4003.0007.012,"[Agana, Guam] :",
990000515700106381,AAF4003.0007.005,"[Agana, Guam] :",
990000515700106381,AAF4003.0007.006,"[Agana, Guam] :",
990000515700106381,AAF4003.0009.006,"[Agana, Guam] :",
990000515700106381,AAF4003.0009.009,"[Agana, Guam] :",
990000515720106381,AAF4005.1911.001,Washington :,
990000515720106381,AAF4005.1912.001,Washington :,
990000515720106381,AAF4005.1913.001,Washington :,
990000515720106381,AAF4005.1914.001,Washington :,
990000515720106381,AAF4005.1915.001,Washington :,
990000515720106381,AAF4005.1916.001,Washington :,
990000515720106381,AAF4005.1917.001,Washington :,
990000515720106381,AAF4005.1918.001,Washington :,
990000515720106381,AAF4005.1929.001,Washington :,
990000515720106381,AAF4005.1930.001,Washington :,
990000515720106381,AAF4005.1931.001,Washington :,
990000538250106381,AAF6285.0001.001,"Honolulu, T.H.,",
990000538250106381,AAF6285.0001.002,"Honolulu, T.H.,",
990000551530106381,AAF7627.0001.001,"Zamboanga,",
990000551530106381,AAF7627.1904.001,"Zamboanga,",
990000551530106381,AAF7627.1905.001,"Zamboanga,",
990000551530106381,AAF7627.1906.001,"Zamboanga,",
990000551530106381,AAF7627.1907.001,"Zamboanga,",
990000551530106381,AAF7627.1908.001,"Zamboanga,",
990000551530106381,AAF7627.1909.001,"Zamboanga,",
990000551530106381,AAF7627.1910.001,"Zamboanga,",
990000551530106381,AAF7627.1911.001,"Zamboanga,",
990000556120106381,AAF8093.1919.001,"New York,",
990000556120106381,AAF8093.1920.001,"New York,",
990000556120106381,AAF8093.1921.001,"New York,",
990000556120106381,AAF8093.1922.001,"New York,",
990000556120106381,AAF8093.1923.001,"New York,",
990000556120106381,AAF8093.1924.001,"New York,",
990000556120106381,AAF8093.1925.001,"New York,",
990000556120106381,AAF8093.1926.001,"New York,",
990000556120106381,AAF8093.1927.001,"New York,",
990000556120106381,AAF8093.1928.001,"New York,",
990000556120106381,AAF8093.1929.001,"New York,",
990000556120106381,AAF8093.1930.001,"New York,",
990000556120106381,AAF8093.1931.001,"New York,",
990000556120106381,AAF8093.1932.001,"New York,",
990000556120106381,AAF8093.1933.001,"New York,",
990000556120106381,AAF8093.1934.001,"New York,",
990000556120106381,AAF8093.1935.001,"New York,",
990000563790106381,AAF8875.1903.001,Manila.,
990000563790106381,AAF8875.1904.001,Manila.,
990000563790106381,AAF8875.1905.001,Manila.,
990000563790106381,AAF8875.1905.002,Manila.,
990000563790106381,AAF8875.1906.001,Manila.,
990000563790106381,AAF8875.1907.001,Manila.,
990000563790106381,AAF8875.1908.001,Manila.,
990000563790106381,AAF8875.1909.001,Manila.,
990000563790106381,AAF8875.1910.001,Manila.,
990000563790106381,AAF8875.1911.001,Manila.,
990000563790106381,AAF8875.1912.001,Manila.,
990000563790106381,AAF8875.1913.001,Manila.,
990000563850106381,AAF8881.0001.001,"Manila,",
990000563850106381,AAF8881.0002.001,"Manila,",
990000563850106381,AAF8881.0003.001,"Manila,",
990000563850106381,AAF8881.0004.001,"Manila,",
990000563960106381,AAF8892.1918.001,[Manila?],
990000563960106381,AAF8892.1920.001,[Manila?],
990000563960106381,AAF8892.1921.001,[Manila?],
990000563960106381,AAF8892.1922.001,[Manila?],
990000563960106381,AAF8892.1924.001,[Manila?],
990000584340106381,AAG0960.0001.001,La Habana.,
990000587230106381,AAG1252.1896.001,[Honolulu],
990000587560106381,AAG1286.0010.001,"Iowa City, Ia. :",
990000587560106381,AAG1286.0011.001,"Iowa City, Ia. :",
990000587560106381,AAG1286.0004.001,"Iowa City, Ia. :",
990000587560106381,AAG1286.0005.001,"Iowa City, Ia. :",
990000587560106381,AAG1286.0006.001,"Iowa City, Ia. :",
990000587560106381,AAG1286.0008.001,"Iowa City, Ia. :",
990000587560106381,AAG1286.0009.001,"Iowa City, Ia. :",
990000594560106381,AAG1993.0001.001,Berlin :,
990000614980106381,AAG4066.1898.001,[New York :,
990000614980106381,AAG4066.1898.002,[New York :,
990000630870106381,AAG5682.1928.001,"[Washington, D.C.] :",[Washington]
990000630870106381,AAG5682.1929.001,"[Washington, D.C.] :",[Washington]
990000630870106381,AAG5682.1930.001,"[Washington, D.C.] :",[Washington]
990000630870106381,AAG5682.1931.001,"[Washington, D.C.] :",[Washington]
990000630870106381,AAG5682.1932.001,"[Washington, D.C.] :",[Washington]
990000630870106381,AAG5682.1933.001,"[Washington, D.C.] :",[Washington]
990000630870106381,AAG5682.1934.001,"[Washington, D.C.] :",[Washington]
990000630870106381,AAG5682.1935.001,"[Washington, D.C.] :",[Washington]
990000630870106381,AAG5682.1936.001,"[Washington, D.C.] :",[Washington]
990000630870106381,AAG5682.1937.001,"[Washington, D.C.] :",[Washington]
990000630870106381,AAG5682.1938.001,"[Washington, D.C.] :",[Washington]
990000630870106381,AAG5682.1939.001,"[Washington, D.C.] :",[Washington]
990000636180106381,AAG6217.0001.002,[Honolulu] :,
990000636180106381,AAG6217.0001.003,[Honolulu] :,
990000636180106381,AAG6217.0001.004,[Honolulu] :,
990000636180106381,AAG6217.0001.005,[Honolulu] :,
990000644740106381,AAG7084.1919.020,[S.l. :,
990000646350106381,AAG7246.0001.001,[Honolulu],
990000646350106381,AAG7246.0001.002,[Honolulu],
990000646350106381,AAG7246.0001.003,[Honolulu],
990000646350106381,AAG7246.0001.004,[Honolulu],
990000646350106381,AAG7246.0001.005,[Honolulu],
990000657570106381,AAG8388.0001.001,Honolulu.,
990000679510106381,AAH0606.0001.001,[Manila :,
990000679510106381,AAH0606.0001.034,[Manila :,
990000679510106381,AAH0606.0001.035,[Manila :,
990000679510106381,AAH0606.0001.036,[Manila :,
990000679510106381,AAH0606.0001.037,[Manila :,
990000679510106381,AAH0606.0001.038,[Manila :,
990000679510106381,AAH0606.0001.039,[Manila :,
990000679510106381,AAH0606.0001.040,[Manila :,
990000679510106381,AAH0606.0001.041,[Manila :,
990000679510106381,AAH0606.0001.042,[Manila :,
990000679510106381,AAH0606.0001.043,[Manila :,
990000679510106381,AAH0606.0001.044,[Manila :,
990000679510106381,AAH0606.0001.045,[Manila :,
990000679510106381,AAH0606.0001.046,[Manila :,
990000679510106381,AAH0606.0001.047,[Manila :,
990000679510106381,AAH0606.0001.048,[Manila :,
990000679510106381,AAH0606.0001.049,[Manila :,
990000679510106381,AAH0606.0001.050,[Manila :,
990000679510106381,AAH0606.0001.052,[Manila :,
990000679510106381,AAH0606.0001.053,[Manila :,
990000679510106381,AAH0606.0001.054,[Manila :,
990000679510106381,AAH0606.0001.055,[Manila :,
990000679510106381,AAH0606.0001.056,[Manila :,
990000679510106381,AAH0606.0001.057,[Manila :,
990000679510106381,AAH0606.0001.058,[Manila :,
990000679510106381,AAH0606.0001.059,[Manila :,
990000679510106381,AAH0606.0001.051,[Manila :,
990000683070106381,AAH0966.1922.002,Manila :,
990000683070106381,AAH0966.1922.003,Manila :,
990000683070106381,AAH0966.1922.004,Manila :,
990000683070106381,AAH0966.1922.005,Manila :,
990000683070106381,AAH0966.1922.011,Manila :,
990000683070106381,AAH0966.1923.001,Manila :,
990000683070106381,AAH0966.1923.005,Manila :,
990000683070106381,AAH0966.1923.006,Manila :,
990000683070106381,AAH0966.1923.007,Manila :,
990000683070106381,AAH0966.1923.008,Manila :,
990000683070106381,AAH0966.1923.009,Manila :,
990000683070106381,AAH0966.1923.010,Manila :,
990000683070106381,AAH0966.1923.012,Manila :,
990000734310106381,AAH6128.1925.001,Manila :,
990000734310106381,AAH6128.1926.001,Manila :,
990000777840106381,AAJ0523.1921.001,Manila.,
990000777840106381,AAJ0523.1923.001,Manila.,
990000777840106381,AAJ0523.1925.001,Manila.,
990000777840106381,AAJ0523.1926.001,Manila.,
990000777840106381,AAJ0523.1928.001,Manila.,
990000777840106381,AAJ0523.1930.001,Manila.,
990000777840106381,AAJ0523.1932.001,Manila.,
990000777840106381,AAJ0523.1932.002,Manila.,
990000777840106381,AAJ0523.1932.003,Manila.,
990000777840106381,AAJ0523.1936.007,Manila.,
990000777840106381,AAJ0523.1936.010,Manila.,
990000777840106381,AAJ0523.1936.011,Manila.,
990000777840106381,AAJ0523.1936.012,Manila.,
990000777840106381,AAJ0523.1937.001,Manila.,
990000777840106381,AAJ0523.1938.001,Manila.,
990000777840106381,AAJ0523.1939.001,Manila.,
990000777840106381,AAJ0523.1940.001,Manila.,
990000777840106381,AAJ0523.1941.001,Manila.,
990000777840106381,AAJ0523.1945.001,Manila.,
990000777840106381,AAJ0523.1947.001,Manila.,
990000777840106381,AAJ0523.1948.001,Manila.,
990000777840106381,AAJ0523.1949.001,Manila.,
990000777840106381,AAJ0523.1950.001,Manila.,
990000777840106381,AAJ0523.1951.001,Manila.,
990000777840106381,AAJ0523.1952.001,Manila.,
990000777840106381,AAJ0523.1953.001,Manila.,
990000777840106381,AAJ0523.1954.001,Manila.,
990000777840106381,AAJ0523.1955.001,Manila.,
990000777840106381,AAJ0523.1956.001,Manila.,
990000777840106381,AAJ0523.1957.001,Manila.,
990000777840106381,AAJ0523.1958.001,Manila.,
990000777840106381,AAJ0523.1959.001,Manila.,
990000777840106381,AAJ0523.1960.001,Manila.,
990000777840106381,AAJ0523.1960.002,Manila.,
990000777840106381,AAJ0523.1961.001,Manila.,
990000777840106381,AAJ0523.1962.001,Manila.,
990000777840106381,AAJ0523.1963.001,Manila.,
990000777840106381,AAJ0523.1964.001,Manila.,
990000777840106381,AAJ0523.1965.001,Manila.,
990000777840106381,AAJ0523.1966.001,Manila.,
990000777840106381,AAJ0523.1967.001,Manila.,
990000777840106381,AAJ0523.1968.001,Manila.,
990000777840106381,AAJ0523.1969.001,Manila.,
990001514760106381,AAR5508.0001.001,"[Yonkers-on-Hudson, N.Y.],",
990002031150106381,AAW7952.0001.001,"New York, :","Boston,"
990002491410106381,ABB4779.0001.001,"London,","New York,"
990014533330106381,AGE4844.0001.001,"Manila,",
990014906630106381,AGJ3546.0001.001,"London,",New York
990015056840106381,AGK9021.0001.001,"[Honolulu,",
990015056910106381,AGK9028.0001.001,"Honolulu,",
990015210490106381,AGM4908.0001.001,"New York,",
990015419300106381,AGP6085.0001.001,Boston :,"Philadelphia,"
990015898840106381,AGU5333.0001.001,"Iloilo, Islas filipinas,",
990016310320106381,AGY7288.0001.001,"[Philadelphia,",
990006422510106381,ACT4528.1912.001,Quezon City [etc.],
990006422510106381,ACT4528.1916.001,Quezon City [etc.],
990006422510106381,ACT4528.1917.001,Quezon City [etc.],
990006422510106381,ACT4528.1918.001,Quezon City [etc.],
990006422510106381,ACT4528.1924.001,Quezon City [etc.],
990006422510106381,ACT4528.1926.001,Quezon City [etc.],
990006422510106381,ACT4528.1927.001,Quezon City [etc.],
990006422510106381,ACT4528.1928.001,Quezon City [etc.],
990006422510106381,ACT4528.1929.001,Quezon City [etc.],
990006425510106381,ACT4828.1900.001,San Juan.,
990006425510106381,ACT4828.1901.001,San Juan.,
990006425510106381,ACT4828.1902.001,San Juan.,
990006425510106381,ACT4828.1903.001,San Juan.,
990006425510106381,ACT4828.1904.001,San Juan.,
990006425510106381,ACT4828.1905.001,San Juan.,
990006425510106381,ACT4828.1906.001,San Juan.,
990006425510106381,ACT4828.1907.001,San Juan.,
990006425510106381,ACT4828.1928.001,San Juan.,
990006425510106381,ACT4828.1929.001,San Juan.,
990006425510106381,ACT4828.1930.001,San Juan.,
990006425510106381,ACT4828.1931.001,San Juan.,
990006425510106381,ACT4828.1932.001,San Juan.,
990006425510106381,ACT4828.1933.001,San Juan.,
990006425510106381,ACT4828.1934.001,San Juan.,
990006425510106381,ACT4828.1935.001,San Juan.,
990006425510106381,ACT4828.1936.001,San Juan.,
990006425510106381,ACT4828.1937.001,San Juan.,
990006425510106381,ACT4828.1938.001,San Juan.,
990006425510106381,ACT4828.1939.001,San Juan.,
990006425510106381,ACT4828.1940.001,San Juan.,
990006425510106381,ACT4828.1941.001,San Juan.,
990006425510106381,ACT4828.1942.001,San Juan.,
990006425510106381,ACT4828.1943.001,San Juan.,
990006425880106381,ACT4865.1921.001,Albany.,
990006425880106381,ACT4865.1922.001,Albany.,
990006425880106381,ACT4865.1923.001,Albany.,
990006427590106381,ACT5039.1902.001,"Budapest,",
990006641090106381,ACV6687.0001.001,"London,",New York
990006641090106381,ACV6687.0002.001,"London,",New York
990006643290106381,ACV6910.0001.001,"London,","New York,"
990006643290106381,ACV6910.0001.002,"London,","New York,"
990006643330106381,ACV6914.0001.001,"London,","New York,"
990006694710106381,ACW2098.0001.001,"New York, :","Leipzig,"
990006749280106381,ACW7643.0001.003,"[Manila,",
990006749280106381,ACW7643.0001.004,"[Manila,",
990006749280106381,ACW7643.0002.001,"[Manila,",
990006749280106381,ACW7643.0002.002,"[Manila,",
990006749280106381,ACW7643.0002.003,"[Manila,",
990006749280106381,ACW7643.0002.004,"[Manila,",
990006749280106381,ACW7643.0003.002,"[Manila,",
990006749280106381,ACW7643.0003.003,"[Manila,",
990006749280106381,ACW7643.0003.004,"[Manila,",
990006749280106381,ACW7643.0004.001,"[Manila,",
990006749280106381,ACW7643.0004.002,"[Manila,",
990006749280106381,ACW7643.0004.003,"[Manila,",
990006749280106381,ACW7643.0004.004,"[Manila,",
990006750190106381,ACW7735.0001.021,Manila.,
990006750190106381,ACW7735.0001.025,Manila.,
990006750190106381,ACW7735.0001.027,Manila.,
990006750190106381,ACW7735.0001.028,Manila.,
990006750190106381,ACW7735.0001.029,Manila.,
990006750190106381,ACW7735.0015.001,Manila.,
990006750190106381,ACW7735.0017.001,Manila.,
990006750190106381,ACW7735.0018.001,Manila.,
990006750190106381,ACW7735.0018.002,Manila.,
990006750190106381,ACW7735.0018.003,Manila.,
990006750190106381,ACW7735.0018.004,Manila.,
990006750190106381,ACW7735.0020.001,Manila.,
990006750190106381,ACW7735.0023.001,Manila.,
990006750190106381,ACW7735.0024.001,Manila.,
990006750190106381,ACW7735.0019.001,Manila.,
990006756640106381,ACW8390.0004.001,Washington :,
990006756640106381,ACW8390.0005.001,Washington :,
990006756640106381,ACW8390.0006.001,Washington :,
990006756640106381,ACW8390.0007.001,Washington :,
990006756640106381,ACW8390.0008.001,Washington :,
990006756640106381,ACW8390.0009.001,Washington :,
990006756640106381,ACW8390.1903.001,Washington :,
990006756640106381,ACW8390.1903.002,Washington :,
990006756640106381,ACW8390.1903.003,Washington :,
990006756640106381,ACW8390.1909.008,Washington :,
990006756640106381,ACW8390.1910.009,Washington :,
990006756640106381,ACW8390.1911.010,Washington :,
990006756640106381,ACW8390.1911.011,Washington :,
990006756640106381,ACW8390.1911.012,Washington :,
990006756640106381,ACW8390.1911.013,Washington :,
990006756640106381,ACW8390.1911.014,Washington :,
990006756640106381,ACW8390.1911.015,Washington :,
990006756640106381,ACW8390.1911.016,Washington :,
990006756640106381,ACW8390.1911.017,Washington :,
990006756640106381,ACW8390.1911.018,Washington :,
990006756640106381,ACW8390.1911.019,Washington :,
990006756640106381,ACW8390.1911.020,Washington :,
990006756640106381,ACW8390.1911.021,Washington :,
990006756640106381,ACW8390.1911.022,Washington :,
990006756640106381,ACW8390.1911.023,Washington :,
990006756640106381,ACW8390.1913.012,Washington :,
990006756640106381,ACW8390.1913.013,Washington :,
990006756640106381,ACW8390.1914.014,Washington :,
990006756640106381,ACW8390.1914.015,Washington :,
990006756640106381,ACW8390.1914.016,Washington :,
990006756640106381,ACW8390.1915.017,Washington :,
990006756640106381,ACW8390.1915.018,Washington :,
990006756640106381,ACW8390.1916.019,Washington :,
990006756640106381,ACW8390.1916.020,Washington :,
990006756640106381,ACW8390.1917.021,Washington :,
990006756640106381,ACW8390.1917.022,Washington :,
990006756640106381,ACW8390.1918.023,Washington :,
990006756640106381,ACW8390.1918.024,Washington :,
990006756640106381,ACW8390.1918.025,Washington :,
990006756640106381,ACW8390.1918.026,Washington :,
990006756640106381,ACW8390.1918.027,Washington :,
990006756640106381,ACW8390.1918.028,Washington :,
990006756640106381,ACW8390.1918.029,Washington :,
990006756640106381,ACW8390.1918.030,Washington :,
990006756640106381,ACW8390.1918.031,Washington :,
990006756640106381,ACW8390.1918.032,Washington :,
990006756640106381,ACW8390.1918.033,Washington :,
990006756640106381,ACW8390.1918.034,Washington :,
990006756640106381,ACW8390.1918.035,Washington :,
990006756640106381,ACW8390.1918.036,Washington :,
990006756640106381,ACW8390.1918.037,Washington :,
990006756640106381,ACW8390.1918.038,Washington :,
990006756640106381,ACW8390.1918.039,Washington :,
990006756640106381,ACW8390.1918.040,Washington :,
990006756640106381,ACW8390.1918.041,Washington :,
990006756640106381,ACW8390.1918.042,Washington :,
990006756640106381,ACW8390.1918.043,Washington :,
990006756640106381,ACW8390.1918.044,Washington :,
990006756640106381,ACW8390.1918.045,Washington :,
990006756640106381,ACW8390.1918.046,Washington :,
990006756640106381,ACW8390.1918.047,Washington :,
990006756640106381,ACW8390.1918.048,Washington :,
990006756640106381,ACW8390.1918.049,Washington :,
990006756640106381,ACW8390.1918.050,Washington :,
990006756640106381,ACW8390.1918.051,Washington :,
990006756640106381,ACW8390.1918.052,Washington :,
990006756640106381,ACW8390.1919.026,Washington :,
990006756640106381,ACW8390.1921.027,Washington :,
990006756640106381,ACW8390.1921.028,Washington :,
990006756640106381,ACW8390.1922.029,Washington :,
990006756640106381,ACW8390.1924.030,Washington :,
990006756640106381,ACW8390.1926.031,Washington :,
990006756640106381,ACW8390.1928.032,Washington :,
990006756640106381,ACW8390.1930.033,Washington :,
990006756640106381,ACW8390.1931.034,Washington :,
990006756640106381,ACW8390.1934.035,Washington :,
990006756640106381,ACW8390.1934.036,Washington :,
990006756640106381,ACW8390.1935.037,Washington :,
990006756640106381,ACW8390.1936.038,Washington :,
990006756640106381,ACW8390.1939.039,Washington :,
990006756640106381,ACW8390.1941.040,Washington :,
990006756640106381,ACW8390.1941.041,Washington :,
990006756640106381,ACW8390.1944.042,Washington :,
990006756640106381,ACW8390.1945.043,Washington :,
990006756640106381,ACW8390.1948.044,Washington :,
990006756640106381,ACW8390.1948.045,Washington :,
990006756640106381,ACW8390.1949.046,Washington :,
990006756640106381,ACW8390.1950.047,Washington :,
990006756640106381,ACW8390.1950.048,Washington :,
990006756640106381,ACW8390.1950.049,Washington :,
990006756640106381,ACW8390.1950.050,Washington :,
990006756640106381,ACW8390.1953.051,Washington :,
990006756640106381,ACW8390.1954.052,Washington :,
990006766950106381,ACW9437.0002.001,Boston.,
990006766950106381,ACW9437.0003.001,Boston.,
990006766950106381,ACW9437.0003.002,Boston.,
990006766950106381,ACW9437.0004.001,Boston.,
990006766950106381,ACW9437.0005.001,Boston.,
990006766950106381,ACW9437.0006.001,Boston.,
990006766950106381,ACW9437.0007.001,Boston.,
990006766950106381,ACW9437.0008.001,Boston.,
990006766950106381,ACW9437.0009.001,Boston.,
990006767070106381,ACW9449.0001.001,Manila.,
990006767070106381,ACW9449.1925.001,Manila.,
990006767070106381,ACW9449.1927.001,Manila.,
990006767070106381,ACW9449.1928.001,Manila.,
990006767070106381,ACW9449.1929.001,Manila.,
990006767070106381,ACW9449.1930.001,Manila.,
990006767070106381,ACW9449.1931.001,Manila.,
990006767070106381,ACW9449.1932.001,Manila.,
990006767070106381,ACW9449.1933.001,Manila.,
990006767070106381,ACW9449.1934.001,Manila.,
990006767070106381,ACW9449.1935.001,Manila.,
990006767070106381,ACW9449.1936.001,Manila.,
990006767070106381,ACW9449.1939.001,Manila.,
990006767070106381,ACW9449.1940.001,Manila.,
990006767840106381,ACW9526.0001.001,"Lansing, Mich.",
990006767840106381,ACW9526.0022.001,"Lansing, Mich.",
990006768550106381,ACW9599.0001.001,"Manila,",
990006768550106381,ACW9599.0001.002,"Manila,",
990006768550106381,ACW9599.0001.003,"Manila,",
990006768550106381,ACW9599.0001.004,"Manila,",
990006768550106381,ACW9599.0001.005,"Manila,",
990006768550106381,ACW9599.0001.006,"Manila,",
990006768550106381,ACW9599.0001.007,"Manila,",
990006768550106381,ACW9599.0001.008,"Manila,",
990006768550106381,ACW9599.0001.009,"Manila,",
990006768550106381,ACW9599.0002.001,"Manila,",
990006768550106381,ACW9599.0002.002,"Manila,",
990006768550106381,ACW9599.0002.003,"Manila,",
990006768550106381,ACW9599.0002.004,"Manila,",
990006768550106381,ACW9599.0002.005,"Manila,",
990006768550106381,ACW9599.0002.006,"Manila,",
990006768550106381,ACW9599.0002.007,"Manila,",
990006768550106381,ACW9599.0002.008,"Manila,",
990006768550106381,ACW9599.0002.009,"Manila,",
990006768550106381,ACW9599.0003.001,"Manila,",
990006768550106381,ACW9599.0005.002,"Manila,",
990006768550106381,ACW9599.0005.003,"Manila,",
990006768550106381,ACW9599.0005.004,"Manila,",
990006768680106381,ACW9612.0001.001,Manila :,
990006768680106381,ACW9612.0011.001,Manila :,
990006768680106381,ACW9612.0012.001,Manila :,
990006768680106381,ACW9612.0013.001,Manila :,
990006768680106381,ACW9612.0014.001,Manila :,
990006768680106381,ACW9612.0015.001,Manila :,
990006768680106381,ACW9612.0016.001,Manila :,
990006768680106381,ACW9612.0017.001,Manila :,
990006768680106381,ACW9612.0018.001,Manila :,
990006768680106381,ACW9612.0019.001,Manila :,
990006768680106381,ACW9612.0002.001,Manila :,
990006768680106381,ACW9612.0020.001,Manila :,
990006768680106381,ACW9612.0003.001,Manila :,
990006768680106381,ACW9612.0004.001,Manila :,
990006768680106381,ACW9612.0005.001,Manila :,
990006768680106381,ACW9612.0006.001,Manila :,
990006768680106381,ACW9612.0007.001,Manila :,
990006768680106381,ACW9612.0008.001,Manila :,
990006768680106381,ACW9612.0009.001,Manila :,
990006768680106381,ACW9612.0010.001,Manila :,
990006770350106381,ACW9784.0001.001,Washington :,
990006770420106381,ACW9791.1903.001,Manila :,
990006770420106381,ACW9791.1904.001,Manila :,
990006770420106381,ACW9791.1905.001,Manila :,
990006770420106381,ACW9791.1906.001,Manila :,
990006770420106381,ACW9791.1907.001,Manila :,
990006770420106381,ACW9791.1908.001,Manila :,
990006770420106381,ACW9791.1909.001,Manila :,
990006770420106381,ACW9791.1910.001,Manila :,
990006770420106381,ACW9791.1911.001,Manila :,
990006770420106381,ACW9791.1912.001,Manila :,
990006770420106381,ACW9791.1913.001,Manila :,
990006770420106381,ACW9791.1914.001,Manila :,
990006770420106381,ACW9791.1915.001,Manila :,
990006770420106381,ACW9791.1916.001,Manila :,
990006770420106381,ACW9791.1917.001,Manila :,
990006770420106381,ACW9791.1918.001,Manila :,
990006770420106381,ACW9791.1919.001,Manila :,
990006770420106381,ACW9791.1920.001,Manila :,
990006770420106381,ACW9791.1921.001,Manila :,
990006770420106381,ACW9791.1922.001,Manila :,
990006770420106381,ACW9791.1923.001,Manila :,
990006770420106381,ACW9791.1924.001,Manila :,
990006770420106381,ACW9791.1925.001,Manila :,
990006770420106381,ACW9791.1926.001,Manila :,
990006770420106381,ACW9791.1927.001,Manila :,
990006779230106381,ACX0689.0001.001,Manila :,
990006779230106381,ACX0689.0001.012,Manila :,
990006779230106381,ACX0689.0010.001,Manila :,
990006779230106381,ACX0689.0011.001,Manila :,
990006779230106381,ACX0689.0014.001,Manila :,
990006779230106381,ACX0689.0015.001,Manila :,
990006779230106381,ACX0689.0016.001,Manila :,
990006779230106381,ACX0689.0018.002,Manila :,
990006779230106381,ACX0689.0019.002,Manila :,
990006779230106381,ACX0689.0019.004,Manila :,
990006779230106381,ACX0689.0002.001,Manila :,
990006779230106381,ACX0689.0002.006,Manila :,
990006779230106381,ACX0689.0020.002,Manila :,
990006779230106381,ACX0689.0021.002,Manila :,
990006779230106381,ACX0689.0022.002,Manila :,
990006779230106381,ACX0689.0003.001,Manila :,
990006779230106381,ACX0689.0003.007,Manila :,
990006779230106381,ACX0689.0004.001,Manila :,
990006779230106381,ACX0689.0004.006,Manila :,
990006779230106381,ACX0689.0005.001,Manila :,
990006779230106381,ACX0689.0005.009,Manila :,
990006779230106381,ACX0689.0006.001,Manila :,
990006779230106381,ACX0689.0006.007,Manila :,
990006779230106381,ACX0689.0007.002,Manila :,
990006779230106381,ACX0689.0007.006,Manila :,
990006779230106381,ACX0689.0008.001,Manila :,
990006789350106381,ACX1716.0001.001,"Washington, D.C.",
990006789350106381,ACX1716.1902.002,"Washington, D.C.",
990006789350106381,ACX1716.1903.002,"Washington, D.C.",
990006789350106381,ACX1716.1904.002,"Washington, D.C.",
990006789350106381,ACX1716.1905.002,"Washington, D.C.",
990006789350106381,ACX1716.1905.004,"Washington, D.C.",
990006789350106381,ACX1716.1906.002,"Washington, D.C.",
990006789350106381,ACX1716.1906.003,"Washington, D.C.",
990006789350106381,ACX1716.1907.002,"Washington, D.C.",
990006789350106381,ACX1716.1907.003,"Washington, D.C.",
990006789350106381,ACX1716.1908.002,"Washington, D.C.",
990006789350106381,ACX1716.1909.001,"Washington, D.C.",
990006789350106381,ACX1716.1910.001,"Washington, D.C.",
990006789350106381,ACX1716.1911.001,"Washington, D.C.",
990006789350106381,ACX1716.1912.001,"Washington, D.C.",
990006789350106381,ACX1716.1913.001,"Washington, D.C.",
990006789350106381,ACX1716.1915.001,"Washington, D.C.",
990006789350106381,ACX1716.1916.001,"Washington, D.C.",
990006795770106381,ACX2371.0001.001,Manila [etc.],
990006795770106381,ACX2371.1912.001,Manila [etc.],
990006795770106381,ACX2371.1913.001,Manila [etc.],
990006796270106381,ACX2421.0001.001,Manila :,
990006806200106381,ACX3431.0001.001,Manila :,
990006815170106381,ACX4344.1906.001,New York :,Boston ;
990006815170106381,ACX4344.1913.001,New York :,Boston ;
990006911300106381,ACY4253.0001.001,"London,","New York,"
990007765520106381,ADH2498.0001.001,[Chicago?,
990007765600106381,ADH2506.0001.001,Boston :,
990007766170106381,ADH2564.0001.001,"Washington, :","New York,"
990007779400106381,ADH3901.0001.001,"Detroit, Mich.,",
990007788520106381,ADH4824.0001.001,"London,","New York,"
990019726660106381,AJL4964.0001.001,"[n.p.,",
990019726760106381,AJL4975.0001.001,New York [etc.],Boston
990019728070106381,AJL5108.0001.001,"[Havana,",
990019728860106381,AJL5192.0001.001,"Puerto Rico,",
990020038840106381,AJP8435.0001.001,"[New Haven,",
990020106370106381,AJQ5473.0001.001,"London,","New York,"
990020107120106381,AJQ5550.0001.001,"[Manila,",
990020107330106381,AJQ5575.0001.001,"[Manila,",
990020463270106381,AJU4002.0178.001,"Greenwich, Conn. :","New York city,"
990020526130106381,AJV0736.0002.001,Leipzig :,Bielefeld und
990020550540106381,AJV3228.0001.001,Manila :,
990020615690106381,AJV9818.1924.001,Washington :,
990020615690106381,AJV9818.1925.001,Washington :,
990020635040106381,AJW3584.1912.001,Manila :,
990020635040106381,AJW3584.1913.001,Manila :,
990020785630106381,AJX9835.0001.001,"[Washington?,",
990020790490106381,AJY0389.0001.001,"[Washington?,",
990021307370106381,AKD6391.1928.001,"San Juan,",
990021307370106381,AKD6391.1929.001,"San Juan,",
990021307370106381,AKD6391.1930.001,"San Juan,",
990021307370106381,AKD6391.1935.001,"San Juan,",
990021307370106381,AKD6391.1937.001,"San Juan,",
990021339090106381,AKD9680.0001.001,Honolulu :,
990021339090106381,AKD9680.0001.002,Honolulu :,
990021339090106381,AKD9680.0001.003,Honolulu :,
990021339090106381,AKD9680.0001.004,Honolulu :,
990021339090106381,AKD9680.0001.006,Honolulu :,
990021346950106381,AKE0511.0001.001,"Honolulu,",
990021371560106381,AKE3082.0001.001,Washington,
990021371560106381,AKE3082.0002.001,Washington,
990021371560106381,AKE3082.0003.001,Washington,
990021408700106381,AKE7230.1902.001,Washington,
990021408700106381,AKE7230.1905.001,Washington,
990021408700106381,AKE7230.1906.001,Washington,
990021408700106381,AKE7230.1907.001,Washington,
990021408700106381,AKE7230.1908.001,Washington,
990021408700106381,AKE7230.1909.001,Washington,
990021408700106381,AKE7230.1910.001,Washington,
990021408700106381,AKE7230.1911.001,Washington,
990021408700106381,AKE7230.1912.001,Washington,
990021408700106381,AKE7230.1913.001,Washington,
990021910360106381,AKK8814.0001.001,"Pasadena,",
990022070020106381,AKM6701.0001.001,"Manila,",
990018711930106381,AHZ9420.0001.001,"[Washington, D.C.,",
990018734020106381,AJA1751.0001.001,"Honolulu,",
990018734030106381,AJA1752.0001.001,"[Marion, O.,",
990018734050106381,AJA1754.0001.001,"New York, :","Chicago,"
990018734070106381,AJA1756.0001.001,"London, :",New York
990018734210106381,AJA1772.0001.001,"[n. p.,",
990018734350106381,AJA1786.0001.001,[Honolulu?,
990018734430106381,AJA1794.0001.001,"Washington,",
990018734460106381,AJA1798.0001.001,"[n.p.,",
990018734570106381,AJA1809.0001.001,[Honolulu!,
990018734580106381,AJA1810.0001.001,"[n. p.,",
990018811420106381,AJA9897.0001.001,Chicago [etc.],"New York,"
990018940930106381,AJC4067.1919.001,Manila :,
990018940930106381,AJC4067.1920.001,Manila :,
990018940930106381,AJC4067.1927.001,Manila :,
990018940930106381,AJC4067.1928.001,Manila :,
990018940930106381,AJC4067.1929.001,Manila :,
990018940930106381,AJC4067.1930.001,Manila :,
990018940930106381,AJC4067.1931.001,Manila :,
990018940930106381,AJC4067.1934.001,Manila :,
990018940930106381,AJC4067.1935.001,Manila :,
990018940930106381,AJC4067.1935.002,Manila :,
990018940930106381,AJC4067.1936.001,Manila :,
990018940930106381,AJC4067.1937.001,Manila :,
990018940930106381,AJC4067.1938.001,Manila :,
990018971720106381,AJC7269.0001.001,"[Washington, D.C.,",
990019366080106381,AJG8108.0001.001,"[n. p.,",
990019374920106381,AJG9010.0001.001,"[Honolulu, Hawaii,",
990019374940106381,AJG9012.0001.001,"[Honolulu,",
990019374990106381,AJG9017.0001.001,"[Honolulu,",
990019376560106381,AJG9181.0001.001,New York :,Manila [
